Age,Height,BMI,Sex
16,188.87011257131846,24.4152085760226,M
57,181.55274026817392,33.66645746373836,M
48,177.74670827013102,26.04740142510803,M
52,174.69245053040245,21.328420715705164,M
23,182.95540363490002,7.417305740446611,M
44,166.52372644137358,23.008933063239137,M
3,172.943022635321,15.333870833991654,M
15,183.11288870367133,23.885822202063835,M
67,168.39432892052955,27.853235250274142,M
58,175.41826894218823,22.583192263422127,M
54,178.4265542333457,23.91900205754336,M
15,180.78500946590472,25.09944652537774,M
13,169.18293803444777,20.94268921206889,M
24,173.0678457437798,26.551039635928163,M
27,178.9126420497608,25.001882495043642,M
33,182.4166296962176,26.75487248251448,M
17,178.14911230171995,26.03908721339316,M
52,169.36432147536414,24.917003125168726,M
3,179.12812620613963,31.509394963504274,M
13,181.14592342930908,27.370152137933836,M
35,174.28132105080496,26.577449100846284,M
10,181.12941848666551,23.539462192137766,M
20,179.8000285196261,30.901383884094095,M
74,176.3974716978636,21.572714294631975,M
45,163.14037281475683,19.149227829080353,M
48,174.38718826760552,27.21164915694171,M
49,168.42366061610798,17.975218765403746,M
75,166.73842546440756,23.97013442117071,M
27,172.13441041271935,22.415833955818727,M
21,181.44041571201677,24.82558638497627,M
17,169.7606109395037,20.856531772741665,M
79,175.04016255529672,21.65914122821191,M
31,166.6188147051141,24.2441339743401,M
24,174.75725262205538,21.57375043591916,M
17,181.1632477248898,25.77944732848538,M
52,167.30587095073045,26.687723151506077,M
44,178.90409240836334,23.810156540709407,M
64,160.18242762526293,18.021837420383527,M
23,167.95495730781366,21.081530260548003,M
64,169.89322088759437,26.931423295521718,M
29,179.45427399314613,20.01312667888406,M
18,173.9574968394854,26.757179938800288,M
13,187.2209115040504,27.325026065342897,M
11,167.01685898934394,29.44779453254254,M
14,176.8074488195812,25.172664205227747,M
43,162.66824854277974,24.171892051006655,M
18,172.49844795885062,25.381721059605308,M
50,181.3470136206681,25.314525801293858,M
63,166.86101116382042,21.68864969351794,M
53,171.8358589858652,29.392761361566453,M
30,174.53301064378397,22.43124430839872,M
5,176.41135835340185,17.675043431902427,M
20,175.78134752527026,29.396655016624077,M
16,169.6686838817688,20.387405820933374,M
0,172.92374274588312,19.21132785915387,M
0,163.55159274593342,22.534963139205217,M
34,169.1079818968741,24.81124452927421,M
41,169.4241426971778,30.505108377510453,M
72,166.14305834993158,27.30640400969945,M
21,179.71448249028842,26.205203238384332,M
26,168.12467478952365,28.33496279246825,M
16,168.37773965162498,27.851307045465006,M
18,172.69256025472356,23.19346505842,M
35,182.6437901276331,14.172038769595222,M
31,178.86959487812234,22.451851419654403,M
27,174.2851142423799,20.876415394149966,M
82,172.22645143084478,27.420464117775595,M
64,174.3296145018682,19.399201391849836,M
19,168.39744846087032,26.82383346649971,M
26,175.61508106203118,22.164995331225036,M
4,180.40014955629468,20.136276843257114,M
79,177.9561949082877,25.09786060301568,M
45,175.03709237505868,21.905484704936455,M
2,169.1155993017338,23.787452324856567,M
42,166.9463316133694,30.69369378569839,M
10,176.6395483990619,22.57028654240726,M
51,171.1343825394477,21.060379071446164,M
23,164.4466118499103,24.892802410704263,M
58,173.24665434856712,19.363177623205317,M
9,167.58499256071534,14.622239804120168,M
17,169.21822498841797,19.19387944729653,M
51,184.95391404255113,19.2093842479159,M
42,173.64656108302893,23.689591494803935,M
67,170.62655658550565,29.464007892994356,M
63,165.36854211391895,31.7152982378939,M
28,167.15948857175027,29.010639480755533,M
14,182.41093416426818,34.246176161573956,M
49,167.89603235774945,24.3526707855737,M
18,173.1328129583338,20.119162816768384,M
16,174.1154785639247,23.39026551356908,M
39,166.20701083860638,21.454590673888728,M
31,173.09252979671842,28.33599230891422,M
68,184.00905610577195,18.014159551300054,M
48,180.44639673091572,21.927035432984628,M
51,171.8527738928317,31.954667988112494,M
61,171.24822238158035,21.883703104482823,M
57,179.4747600220759,20.519190512761107,M
47,167.30640732038327,33.387421357558296,M
4,175.5627145793689,25.601948693663942,M
54,174.44848040627787,22.9774118084692,M
51,170.21246462386407,22.058905651961506,M
25,169.57668876981117,30.791788040848427,M
50,163.40255201024206,24.751101743280397,M
27,155.26890319919312,36.58347131815427,M
28,165.66556762289107,23.52216125850003,M
22,174.82441158757115,20.710024935238252,M
34,172.77463915861807,24.973910159044717,M
18,195.03119239109486,26.148656680141606,M
3,172.26944693974272,23.23403886157209,M
26,173.61976772029425,26.407886235840323,M
50,176.701617644216,25.12602567076815,M
38,177.62811554166376,24.685909786194948,M
49,191.27772557653367,26.204822946360892,M
19,163.23352447775932,19.35296384766044,M
61,170.8794156740319,22.645256184001898,M
23,169.3950435165486,28.713826988880374,M
69,171.60854026420748,21.804766968771215,M
49,177.81637223000956,19.492733519230097,M
45,178.1175675262924,33.97443821817515,M
27,164.0721656536365,26.729759191881744,M
30,165.18186220873648,22.31048047571642,M
33,181.8479173648328,18.910589545841994,M
8,173.1196641398269,24.88733716303521,M
5,179.65514619899673,23.03229896417411,M
43,170.09499853513216,30.156251626998724,M
63,182.96985993105795,25.36287298499257,M
53,161.66907677823974,25.092201825904137,M
53,171.7302005756848,17.85874583577213,M
20,174.92751237695435,28.295588573491408,M
37,176.46696357067023,23.44884632426139,M
5,160.50271903722117,24.688325834813444,M
78,174.27631616103034,25.28440701605357,M
31,171.75195918859382,23.70164775762383,M
69,177.11570950586744,17.143866320084783,M
18,167.58191016622146,25.838288907419987,M
28,171.87381489071225,16.816547320451754,M
74,174.74984956313313,23.534643476996248,M
47,173.44307157935523,31.32088363454239,M
45,179.03020790739455,22.10157035801875,M
52,184.5660755686463,28.921928021342435,M
36,181.28501062028334,19.57399962678423,M
60,178.07079280263008,21.870674835388183,M
62,174.27535444835897,18.636329705961707,M
14,172.2356065189014,25.59590443404809,M
14,175.70872743788954,20.936894100463807,M
64,168.03382013018717,26.60131221713932,M
18,168.70828278001727,29.389673053097937,M
13,169.6285086153891,20.6559972472465,M
42,165.69868320166094,23.945040981595895,M
1,167.97931801743107,27.42744486724676,M
53,185.21198255146354,22.63385890051905,M
30,173.13413534493301,22.78385281136718,M
49,181.8631304049637,26.6597224089745,M
44,185.76835041151276,21.200090272478924,M
42,173.1719263850751,23.116700545519123,M
12,168.53749345418328,38.63421706485951,M
5,172.7434898328212,21.617514748201486,M
7,165.8021701192201,22.90528387645124,M
72,182.64765939662553,24.682360575733405,M
13,163.19388699738948,26.485886752044486,M
26,186.4516572273415,11.950172665058066,M
60,174.26625960368182,20.760948256153704,M
18,167.51052685886103,26.439256560399137,M
1,175.2342611503616,27.011113814355916,M
35,173.43988402875158,31.07471365015868,M
28,175.899240769898,22.48434422448265,M
24,173.50706241092635,24.83988461509062,M
52,176.02172834302783,29.104234576018996,M
7,171.73181652523775,21.302955894644093,M
24,188.64230612076145,33.70455109129275,M
22,172.06035089826983,21.939824250096756,M
39,177.81597468763448,18.52435647489759,M
15,179.1871320173471,32.51801443226442,M
34,166.93856579831433,21.75590944042343,M
3,178.00064034337828,19.640398609542604,M
69,161.12896587842803,15.043330241723492,M
72,173.9510768369322,18.942913266308814,M
65,180.137083434838,21.583397680874764,M
63,171.59302389807033,30.17088926293272,M
8,166.40435697002047,27.53845313336401,M
47,170.22544948362358,24.267006232527795,M
78,166.01292597723773,28.60464723784592,M
21,169.81106306680013,24.125080857435204,M
27,167.71239522558014,27.76489759237991,M
28,165.47992870725645,16.582186123871182,M
24,172.86173630741226,24.80298786300749,M
8,172.07837130406375,21.504951844757166,M
39,173.77538921873565,16.774130939109217,M
60,177.92634367787312,25.987203066376587,M
49,175.09674605973626,31.00113857297485,M
25,166.468366360013,24.236623221179208,M
3,172.7203109560528,21.527620344662235,M
5,166.02337074015566,21.847311073461256,M
24,166.9515620536355,19.84472520020962,M
50,179.76315312773878,19.39790009985149,M
17,171.61662696731435,20.34071210120861,M
37,166.3675847141013,30.681469610365514,M
5,175.1728828173119,28.30536859261185,M
20,169.89851004446237,21.977827486556258,M
28,170.72015555709018,25.609764009342182,M
6,170.5936383902256,18.568061877713145,M
48,163.64563927841584,22.274383038217042,M
30,170.90151771973336,21.34391937344984,M
3,162.15967455666828,24.573701046359083,M
10,170.10012746539178,22.97812190865745,M
69,169.10241740779264,24.810736670947367,M
10,169.50976331648215,15.517562083480675,M
28,169.26532645219473,23.03147655651153,M
42,166.14427346201947,21.475798450438276,M
26,165.60296257365434,23.98102228981494,M
32,173.1369614907329,20.26475518114082,M
1,168.5197577333337,19.250824390794055,M
38,164.87426204757128,25.61881264145374,M
5,171.40557042986552,25.787379549451597,M
56,189.09209432340896,26.955445415079357,M
49,163.8535399351393,18.14591805601855,M
52,173.78432599336503,25.26232011761843,M
25,178.01791787484603,24.731397273817134,M
26,170.2351869493677,22.93808162223135,M
28,176.57195196936746,19.86353231979403,M
54,188.39761110879905,20.032611611978066,M
10,174.71947741736216,22.07071510718503,M
50,180.85782240963965,26.55181489416945,M
16,177.49082028560608,27.871423032309895,M
59,177.1961900135427,25.494976301688144,M
79,173.66098723111904,19.19652486466502,M
35,168.92117516333082,20.103628041753513,M
49,174.07589243814638,29.553851437487232,M
39,164.2723851612374,21.701436994023645,M
15,162.9496202655883,24.513814106341172,M
13,172.63430820163913,21.11562311850684,M
2,164.52043052997868,22.71383135340816,M
23,172.11055235625565,26.674002777612227,M
63,172.6347220990618,18.91337074990053,M
1,172.93803286226205,22.369081109023554,M
30,174.3068147403415,20.154963504048734,M
8,172.4536897887613,21.53520280976522,M
0,175.8094614662728,17.632647247654873,M
18,169.02797246160907,28.245675992699468,M
11,177.54470389850815,22.731684904182657,M
64,171.5737463182579,18.376193750684337,M
56,176.15337668939202,15.988171650296724,M
37,170.4716357808599,20.01337383595115,M
84,172.67855637121073,30.03090860707107,M
76,172.9133928665598,13.927543550024453,M
35,168.42091879685935,24.89061348516565,M
28,185.63002989319682,26.871410726290485,M
63,171.21339487057494,15.215455466406247,M
26,170.1849833049314,24.99476833431435,M
56,165.593315074737,22.55230481680924,M
71,170.59215656380283,21.24959404493467,M
4,172.14702242517455,30.798312448096762,M
43,179.54336610110926,23.76792016024934,M
29,172.89522338903458,22.930254637337242,M
73,186.7453296584179,19.843212372908567,M
25,185.2191276149885,25.99926509977166,M
43,164.91108299875637,25.6514497100294,M
25,167.13920496453886,23.157727464214194,M
51,170.39806243982432,27.332893795159322,M
58,172.34451285116722,20.991492819223737,M
5,175.49223310673455,30.157444511855452,M
17,177.9856301233923,26.376338444273514,M
57,177.2264708608287,27.840446739805277,M
1,166.4615806455565,27.35359387926369,M
34,160.20519619316806,17.977282955529343,M
0,182.01000038646245,22.390076820228344,M
52,173.29297705754226,16.183686456939988,M
47,164.90328999536598,17.547430132853545,M
39,176.19766432070372,28.147400524750584,M
16,174.8606873778385,18.174674170358763,M
67,161.94394262097228,23.209467932764007,M
39,174.77274549788294,23.542227410560876,M
0,177.0037235992673,22.238219824550615,M
11,170.79291021149686,15.839227484986313,M
23,179.84354343329468,24.753357902979968,M
6,173.66008316156712,20.834918536210186,M
33,172.84766315321136,33.154434348917874,M
20,172.539787133093,22.20804112090545,M
63,174.4683109290507,13.107189724913125,M
65,164.25655325654319,21.84918307644022,M
24,169.39505159447512,20.201038667121047,M
67,179.47474877287394,29.031824333230144,M
54,170.1252363810162,24.98098603034045,M
13,180.0302903558261,23.3828990587366,M
9,173.65360917726565,14.386127948968452,M
3,169.70480352366698,23.572831412372558,M
47,180.16748189403546,22.126423711566,M
9,178.18111189022218,36.580834213535816,M
29,175.02279779764137,25.49867873156409,M
41,168.94450174245117,22.295419373175353,M
75,162.69188167349367,21.842757976758893,M
11,168.58097153973756,19.56096714508685,M
45,172.55090840069147,26.861209194004882,M
58,169.7388379856662,30.066230204938275,M
46,172.32767115507014,26.833877827675508,M
4,185.81750003172692,24.41331531931062,M
18,173.37605912816363,23.685352049038503,M
10,179.04482883070526,27.194195560577697,M
44,173.46783138184563,21.065335496107497,M
48,170.3704665834429,24.868024927174396,M
12,167.06300042003593,14.647179530409723,M
28,174.84983685643454,25.884052287860403,M
13,167.47261145288184,25.792244415290927,M
19,181.81975126386834,21.982997264934472,M
63,167.7284983235333,18.508234831524167,M
21,164.36433723222822,18.97992112430211,M
24,163.37060995889186,18.68552250748685,M
72,168.8007083599911,24.24782729826245,M
11,165.05821356828562,21.783126634806653,M
53,173.8358671553948,19.60353402744786,M
16,175.1855449772579,23.115270351592873,M
48,182.5708425178222,23.09184863792853,M
3,186.625367961752,22.756017728794635,M
8,177.08566528888034,20.935172722683546,M
4,171.33419167508427,16.673028665579352,M
1,162.13453685663424,26.908068179267023,M
28,173.96946874385014,21.810620279951046,M
30,165.75582811681,25.64390116613618,M
35,163.65653978142612,22.9774237337884,M
13,172.99431979994029,21.870618265984746,M
55,172.24891190517397,23.305450559310938,M
23,167.70233894992313,30.748535049433396,M
14,178.21319970969859,23.25048468723665,M
1,183.24511799352672,24.8405322377862,M
25,181.40573948905654,22.254152811078725,M
57,172.98101164788764,15.676907165436814,M
5,158.82250373219736,26.00943043583563,M
53,173.29632718845653,26.727513969410282,M
6,174.73347635978567,28.03159707789417,M
35,173.04452946076168,27.047179890150424,M
1,167.02583855628828,23.001194217608735,M
8,173.35093021613352,32.665797262104036,M
12,183.36910021590487,20.00200683805586,M
15,171.60020166536106,25.142624546961358,M
13,183.25326573160754,21.135404167587133,M
29,171.50491974662543,22.491220379962716,M
20,167.3299326276087,10.90911689788059,M
4,170.7278524245648,27.955124118580525,M
28,168.3390984131538,29.095031875924562,M
21,174.41914173646828,20.641241564053963,M
16,166.39135050446671,21.022233475590024,M
33,166.43315041894473,30.428358071236353,M
1,183.98243965885158,21.514696121494932,M
9,171.79726992358582,31.183832115919337,M
41,174.37615583703027,25.768781240675384,M
32,168.81619740347446,24.14835682645397,M
70,163.83942100807351,20.966674089943762,M
34,179.57699094621367,26.06946517373614,M
37,176.21069053187813,20.770884181171276,M
1,176.9726255276945,29.717273154351957,M
18,168.07208036558302,25.631121131848094,M
38,176.27707619179557,20.60224726463496,M
34,178.81408935304066,24.259075518314766,M
9,181.98960598225986,9.753432612604716,M
53,171.99505240751046,22.347179090615075,M
44,169.79560589283514,20.856191894006386,M
27,163.29196943601983,27.66382476505797,M
43,169.6877197156212,26.40802995491245,M
46,182.4146269847786,29.193093636257547,M
19,186.6875628677156,25.819728633612424,M
22,168.43477061516072,30.45616199269348,M
43,163.83512524655143,23.40767941536484,M
35,169.1038168365129,18.849655047626698,M
38,179.04010737314636,15.56606428542243,M
39,172.72034088698655,14.05487284195382,M
19,175.2877155118609,30.400395590082947,M
59,176.52394353630754,23.9745164683454,M
43,174.06363358191751,29.63869518242622,M
26,170.75475476970823,22.470647019083287,M
33,178.730704254431,25.967077954101793,M
11,168.79787423980895,27.894953608689537,M
34,182.5809475703074,31.664296246114297,M
70,173.8502785757771,25.9957271336185,M
2,185.49125549205598,23.71168547497789,M
62,170.7262600222192,26.089961980449434,M
61,177.38970230843935,27.034993377385444,M
15,179.98985548952092,21.867566608810783,M
36,172.66121459044103,24.498031613503905,M
48,176.9318392358057,25.382227919300576,M
50,164.06736811780357,14.609440229493831,M
54,168.14361624766016,24.816721812475492,M
73,180.1426383023445,27.41588451612909,M
35,174.78913974818101,29.059747982021932,M
8,173.49395599485854,35.914257847921775,M
7,184.64106255479393,30.8432022696351,M
14,189.3674944881142,22.927356497612543,M
27,173.42610963073213,27.469603664684914,M
13,158.8025894971385,33.442617697762216,M
34,182.29495178256443,28.909262232176697,M
65,175.56100627644236,22.186676224432716,M
63,172.26873774167024,24.703003206624405,M
15,165.6159945587526,27.578683054862086,M
41,168.67687123850797,16.455430422516343,M
41,162.89564663401288,27.871178141184846,M
60,168.05411965530382,23.105349306409465,M
7,158.02776477990503,26.481431331282597,M
6,174.3318708178322,22.973524150158983,M
74,174.79427148617694,25.045917412130137,M
23,172.610652629735,22.657616591715858,M
35,170.9457847109559,25.141050641015166,M
52,162.83815288906962,25.548102319730695,M
38,165.73535130731182,16.60927598257567,M
50,180.67834608829222,28.84006817185969,M
23,171.51411695405022,19.76063855892991,M
46,171.53961859455805,23.943473861961582,M
47,172.63587542605643,16.316993154463063,M
27,171.79774298875287,26.76682020836929,M
56,167.0283797146416,26.17977251907667,M
1,183.8052007866488,27.02238668738754,M
47,175.71665520587655,34.13656291634619,M
15,171.197401312302,30.926815509077652,M
28,171.0116027986219,22.032584038866116,M
6,175.4658317531921,21.476294967482268,M
47,172.1290721215264,22.47236756859383,M
66,169.33008277652186,19.550981891836106,M
49,168.46402368468756,20.053811127826823,M
49,164.15579225926325,26.27842460301254,M
34,169.3984402723227,25.73780562302192,M
12,177.8208253235782,19.782885645953947,M
49,179.89207941748552,28.20065363062789,M
10,173.44517164728026,21.92697315986959,M
32,167.98278887641683,21.708050307659914,M
75,178.8609382954261,20.251333715910064,M
33,179.54833410248185,20.746539359093006,M
33,179.45919350881508,30.595056162784154,M
37,177.04919442063047,24.199195211546222,M
18,174.75128142624166,23.940154108805157,M
7,175.32372358112005,20.647719712194792,M
8,168.0858906856833,26.859816233519055,M
7,175.5453383697142,27.09631691333458,M
29,179.4741373329885,27.0228189673643,M
86,182.4314136989504,35.35058535614748,M
42,173.05036774075606,20.938276794485184,M
24,169.4092266322386,17.805821853170244,M
11,173.35744128342736,35.92383297484034,M
28,178.40013923287128,26.411808032301366,M
5,169.97863868743642,22.911847470336497,M
45,174.99713489803463,22.114307889698473,M
37,177.9048532118154,20.551820925508647,M
2,180.05633294357452,28.2805305186659,M
9,175.81887109258597,18.84744257237781,M
57,181.4042724632638,30.710355141125145,M
46,164.21701776860903,24.209428188072724,M
62,173.08023269971994,21.361111059184825,M
27,183.01102371513065,20.82709135368029,M
8,182.3876135003081,24.78962448209448,M
29,170.64800194528536,24.319436479796618,M
9,169.70800948652692,22.699856886528803,M
33,175.49714629683632,26.244493289336646,M
23,168.01279870200293,25.532577719087016,M
47,176.09417939694444,23.640078643749398,M
47,172.4760778192776,23.71913348755955,M
28,176.26235547751824,22.383075736547617,M
17,170.739445038317,23.381648577047716,M
20,167.9281646278684,35.24518358283282,M
26,163.6019522076362,26.773095975268525,M
0,183.97870830505863,22.637971926866467,M
64,167.55568369599825,18.57143109785794,M
32,180.5902491627729,26.9692535548742,M
5,183.86045965763478,23.171853002303962,M
34,176.9770935053379,28.197909263715896,M
21,191.02508330434847,27.423136235390416,M
43,174.4835493209097,25.953297318254855,M
4,176.458738584726,23.17694306087957,M
0,172.41191150705967,28.957928009799794,M
16,186.13533095006733,21.89443962412186,M
20,175.05922774500243,22.118020512958257,M
30,166.84274992780936,25.644640980182555,M
37,176.55830762555178,17.399882381206258,M
2,177.59341562430055,26.070121473843002,M
33,177.46608043744752,20.83016975350875,M
20,170.8925168163395,22.53707756031654,M
20,181.51377327387218,22.99580180578131,M
71,172.22448367511663,22.987855614629343,M
54,167.75535247408965,19.441361843037537,M
47,172.33661075886334,23.66764404347429,M
23,178.28049288365204,28.792568779052182,M
15,172.77213031620002,20.225891051678122,M
52,170.2128492861726,25.979494279036203,M
31,171.86150295826627,24.624920282256255,M
25,171.9900362584912,25.464502946190883,M
14,175.50011558928333,31.81030232054086,M
21,189.16433750666016,28.60014035011923,M
55,173.4083660898157,31.79875593850175,M
27,173.55634324799652,27.27230230787856,M
62,182.03860370784,22.796350160501984,M
2,172.00920064926015,27.082264780467312,M
16,170.07156265179998,27.72821771476942,M
18,174.1521022365796,25.977147352414846,M
34,188.37140139227944,29.16247885457726,M
18,181.58313179518817,27.96561692941356,M
30,173.78776545965658,27.600215857270367,M
33,179.79391327736536,28.386856977091092,M
39,162.62339968256705,23.874581221012395,M
22,174.10790996170428,22.3132916243782,M
23,179.44467180527445,25.329709152905544,M
22,173.00212662425332,21.87330040821891,M
16,174.64375119747783,24.811409357369868,M
40,171.88573586710393,22.22034507099639,M
6,170.27470635523903,23.830996656935998,M
39,166.3008648319032,20.926229791026675,M
62,170.93863197609318,19.33266435738092,M
43,161.22357818705612,28.70018308344532,M
68,161.43847514261486,25.515318333348855,M
55,168.648136605705,19.94927656612258,M
31,174.85810252669268,30.048226144698617,M
52,171.45383398044768,27.222618263110817,M
21,175.7983549993473,29.28626005316245,M
38,166.9123097050866,25.961630733502272,M
40,176.82990409122047,22.516311129003128,M
25,175.99777416630636,23.47245116598161,M
28,166.81218779893265,29.404790232478174,M
9,162.491936653095,20.84815945505393,M
46,176.1108894721932,18.05984670771172,M
19,176.37461059421258,25.66180041027009,M
23,182.01365285258422,23.613973837150116,M
34,182.33751921352527,29.337117870145363,M
58,187.7986262555702,22.873176295271737,M
37,172.10232831584548,26.04916827548567,M
19,173.97246035702406,24.49079128216161,M
0,169.63852780372332,20.998994904662943,M
24,164.36086598440846,18.661247180391207,M
82,168.99134192289114,27.963929505689674,M
26,168.19134772013277,26.633393953663774,M
22,172.39891165683372,16.229883077082583,M
14,173.11494047097239,24.589933841991623,M
42,168.56153746666644,27.331164881410082,M
58,172.7939667413491,23.74374478715097,M
28,164.60323690116212,26.480076142338994,M
32,180.68995271141887,27.679393431670917,M
57,168.20408956721604,21.032171722763376,M
16,180.31590576271617,31.447651123047592,M
21,172.04493784133072,25.6714017438826,M
57,173.85887069589631,20.951875374049468,M
45,175.28146645301652,24.38582937929973,M
2,181.07939893305146,17.556488881307693,M
19,163.86234805197446,28.77453806561204,M
51,174.88101839571905,29.353532259287487,M
12,181.8855240459751,21.891815427988995,M
36,183.4567774779821,22.96959359349853,M
38,176.45959315974005,20.921011601262627,M
31,168.97881780863432,16.923843632731053,M
42,187.87626275887183,25.540760784325144,M
5,180.18549724324544,21.734564052818847,M
58,173.63961908714484,20.57493584200215,M
29,170.62147037982515,24.767136009621492,M
32,182.54110776576903,30.7933717161281,M
20,167.16718978715295,22.313606265193716,M
39,174.2105237962627,15.797851985936314,M
25,168.14769181119323,30.165998137525108,M
56,170.5391469166689,21.915030812590405,M
62,174.2099524551754,18.829080061039818,M
35,171.13312029086194,26.18667678906702,M
48,162.7221770385086,21.15876280971606,M
21,183.25796162099692,23.44252493839848,M
36,170.35705903496637,29.041044246990975,M
36,180.15564173932074,30.26401264757659,M
74,172.38042503346819,12.824857361567966,M
56,167.16272137874503,28.861085504073028,M
58,163.37366717263586,31.632659422351857,M
35,173.40398018450932,23.867796477848664,M
55,159.60223772246474,22.038954578302544,M
29,171.67741141812124,24.6754465383035,M
8,179.7645639665854,24.378543589223938,M
49,175.26178469459953,28.56615016723788,M
37,171.34365894779026,26.147536423288997,M
24,163.5304686280126,18.76771867892935,M
54,181.2524563954552,29.192119835552873,M
5,169.71393596430144,17.812219300893407,M
48,180.84126773125416,20.17496422627659,M
20,168.47587926502996,22.042932310248787,M
20,181.9448436330032,26.191942577276002,M
58,173.9639153041762,24.314440015991437,M
12,180.71024029622882,21.36377912916472,M
18,170.35164963676263,28.433699032256612,M
37,179.66855615364761,21.29023755733526,M
40,172.39608130374287,27.482544200163638,M
81,177.71230992610492,30.73891127199876,M
23,178.92086772536376,25.74380071917884,M
59,174.0740224940608,30.398401062558282,M
48,172.68350314951493,29.528982889828633,M
65,178.37583644762609,30.41798717368474,M
14,179.78079523766272,26.853955955485485,M
6,179.9529138821383,25.4829544809684,M
48,181.86350820108416,27.611090098472598,M
33,186.86588837947525,31.98078423910512,M
14,165.21596975912408,26.369646244565573,M
44,171.90054180892216,24.5910060664773,M
24,177.36739507781303,23.670675557034276,M
41,169.2081623728686,19.346063296394252,M
72,167.92267860521702,12.917527779646846,M
18,160.5207529356447,21.20825286003075,M
32,179.26430158573,29.518170714726438,M
9,167.80952220792847,21.310726067238264,M
12,167.1403598599773,24.203880174376565,M
42,173.35337660766137,19.528095880547106,M
38,164.45395232033016,28.2873515173435,M
17,181.4931746449725,30.289609909346858,M
35,174.65338148370154,22.55935124302013,M
26,178.37451611470752,18.970105019436957,M
61,182.21691093445375,22.77318664898953,M
44,158.25124929709924,29.891775982666964,M
35,176.65279353723795,19.333774084615523,M
46,171.1024470969022,18.20685243360481,M
39,172.93899318106975,22.682134294868483,M
19,175.75242308543483,23.28874980175216,M
47,174.38510478623314,17.654763153149723,M
17,176.2608475898585,23.745328425991268,M
61,165.36277129797986,33.513822878439555,M
64,177.21512732416647,26.21505233174008,M
51,170.46675552219108,24.975453957039736,M
54,169.649735156611,23.2158331744911,M
24,181.27189422975698,26.753610666716906,M
59,168.86703127423377,24.687650697173297,M
47,175.9931538927003,24.382306725746346,M
21,173.71587426080376,28.509765907174064,M
50,192.79747717534613,29.096672974846598,M
21,165.73688130539665,26.11568001389006,M
4,164.06075785802662,14.924504452678775,M
56,169.41306869179056,21.54484520888347,M
36,171.192497758158,25.559638434891763,M
20,169.81382319463657,31.251166088376795,M
17,165.40596605031038,23.539044793853595,M
31,172.12337374804457,21.381961959675795,M
69,176.39203637702047,13.971748904593706,M
9,184.16692545905838,26.146031818887447,M
75,174.46644856360734,22.380518347946072,M
45,167.05449283403925,17.795731793826832,M
34,170.0813218933889,22.73064785859369,M
58,183.84513071271874,16.0921510143248,M
26,170.91925353448568,26.976837216231676,M
50,183.63115196839314,22.281341457408555,M
76,177.64316158728323,23.891196585036344,M
38,175.99971903296043,18.050344116336575,M
15,156.60100510345814,21.677764381565687,M
55,183.49059604938208,31.671828509258553,M
56,181.33695534132104,23.649539507976804,M
3,166.69258541837678,15.90835123199155,M
18,176.39488666458965,16.18050170066751,M
11,160.90234956943476,28.060863192635008,M
43,173.60884046052692,19.9084148365585,M
61,178.19127850064888,25.000964683151427,M
54,173.18571401068962,19.282430495694662,M
42,176.43529260210974,23.837679846547914,M
21,178.8053855020423,28.971065232675294,M
66,149.30138798207395,31.755317126475145,M
58,172.15346278200647,20.00815543075034,M
9,167.79481839461133,28.69358202693845,M
33,177.8149043767668,19.87710056839508,M
63,174.45036764106334,24.766627872878896,M
13,172.71063002558347,26.037200377423403,M
89,177.2798265102529,25.163239237903873,M
69,170.88055300709166,30.5463335942067,M
20,171.6608153092617,17.056063197279475,M
0,180.9262110091998,27.429953916144697,M
0,177.50040600093266,19.942339796338043,M
2,172.96268191878593,31.369043327525787,M
62,171.35893598290141,23.852454870829483,M
1,170.44736644363263,30.029301013402808,M
30,178.96927397275104,31.46636296494829,M
26,166.7551170705281,29.400282872825123,M
49,181.667559451079,22.597054013431435,M
55,179.93514435940406,21.5904775634926,M
42,171.15113905582922,14.878432643246516,M
20,158.34620407346273,29.262056906029567,M
26,167.3658824402451,24.277164643206536,M
24,163.3436450295428,26.32640441052294,M
11,167.15751632286097,25.676112282644006,M
8,176.27901120676904,26.040419214140762,M
0,154.99362653662087,17.31955905639403,M
65,173.1768317307245,26.09446138147343,M
15,171.64214550984335,29.041677500279743,M
6,169.92002533124673,31.83197476128754,M
47,173.9617565995458,18.884629270027695,M
33,173.1707679172903,16.69466503652405,M
1,171.2880703349083,21.014412795693552,M
65,158.2634617849439,27.91332162369606,M
2,182.86310903914608,20.078244699388883,M
21,176.0710851374781,23.950097086182847,M
2,172.73173298323994,28.992166466876228,M
56,170.49320631783954,20.00736188127958,M
30,177.67785535652345,13.332213870501064,M
28,178.0967339820875,19.99572321616826,M
6,172.2087092254529,21.685438571986783,M
15,178.9691752221276,23.540073915076793,M
8,176.80813587450442,22.304798054867348,M
30,178.1085242202968,28.241157379504248,M
5,178.50055974053575,30.185712138057113,M
25,180.88028547599438,25.23322624198182,M
24,175.72372726762572,29.11854080825171,M
44,176.79537933116313,24.790968930880048,M
23,178.22924878276748,19.659083390842017,M
37,177.1433769378976,22.376551451111702,M
13,177.11151642394938,20.21226417758861,M
72,163.99669281810108,19.092138352940122,M
40,169.46822411978889,20.00087551377225,M
69,185.68912681119136,24.988388543371645,M
52,166.9061287672375,21.666705922602773,M
54,178.27124965849924,20.519713747523774,M
13,178.16456135637864,29.81866952281173,M
42,172.0061712239602,19.407408962312093,M
8,176.34829065151226,20.433721692470712,M
24,181.74785239788807,24.000932613808803,M
30,176.22805450038354,21.860459649757637,M
17,170.82652490617286,25.97650539573328,M
35,185.04373744055164,18.080863610574454,M
17,176.7203024555927,30.995584553190362,M
4,174.15796833149807,21.742999364310837,M
21,176.7688704506845,29.034605008285084,M
11,169.11821437833925,20.773243229683658,M
2,177.49906161520533,26.496068496705526,M
52,189.8447781059607,24.857116151870166,M
22,169.4623572845333,18.681658882325955,M
21,172.20030172050556,23.558215085926623,M
26,174.66628176803835,20.36440053781108,M
32,167.20306378106758,22.46738061551032,M
6,177.9800424742341,32.63847958102974,M
65,170.44629769947488,18.540943886225133,M
0,166.30930591838504,27.691594758034686,M
31,170.21436495370122,25.51216509225623,M
64,173.2639049224696,21.74565713368124,M
5,183.3082671231989,25.179530352518515,M
12,177.7113445203893,32.90944416683304,M
31,173.78367786401694,10.66805815626953,M
3,165.49233592675446,28.910293916292297,M
52,166.15692767589275,20.376600773174815,M
17,164.07594066613635,24.58844801314832,M
29,181.4255388686065,25.87831329826982,M
58,178.65883169678415,24.04585854777197,M
61,167.40350668197414,23.714868749533878,M
33,158.88283398050646,16.86389576773926,M
65,175.4410126205582,25.09091765038817,M
63,175.02257140431342,28.942606935902525,M
42,173.4621258763069,29.673990111113834,M
36,169.65927879465806,33.092251299890876,M
6,175.10177713657848,15.757902755959138,M
28,170.62226150328544,18.274708730273904,M
27,175.72632773764212,26.09423934921721,M
41,170.33372227528608,24.814996143802254,M
54,166.0859474394957,19.271879248440072,M
5,179.83621411226605,20.431038977117158,M
31,180.71689898565012,19.782269910196675,M
13,166.91614779558392,31.52530648064364,M
34,179.3630512800152,25.586526890478527,M
9,175.4796513096135,21.311945244296574,M
53,159.16257417057273,29.613507067319727,M
75,177.36521895961826,17.612779368443906,M
24,188.42596506269226,26.083923592352445,M
3,179.8920428361935,20.750948604032047,M
45,191.68543471546977,27.510516306881925,M
10,176.84683225156354,26.234866688262038,M
55,177.54200678282413,28.4792531325594,M
69,173.56847451578594,20.85337403753595,M
40,165.22954505521597,24.65270974510486,M
29,184.45739513664654,23.141004454185424,M
44,176.45602802859798,25.999300018848857,M
0,181.22674905038326,25.454093928374036,M
53,171.87225330789803,17.877307528842174,M
28,165.79174314159823,26.487118524142275,M
44,185.5844445633252,17.450596515723557,M
38,178.2679635611087,28.26670282314197,M
16,167.57464876359109,31.480847147818768,M
49,175.95997246082604,24.477882531007946,M
5,185.00597362433092,35.29601022922297,M
67,166.53707303861316,11.65690863314269,M
58,179.68841236328194,29.75998823006436,M
3,174.99618931880002,17.413473712780494,M
67,171.64047980242643,24.731328481494053,M
20,171.8381081921996,23.722486695964655,M
12,173.49848840810017,25.139155819017688,M
11,181.68644713285244,26.84277275930687,M
46,174.4665381468871,26.25157653694504,M
56,171.7622310193897,25.05559929885019,M
27,167.85561275654453,17.485703379944695,M
7,175.82999933560623,18.72246431045382,M
29,180.22321312834524,21.23947334734218,M
67,180.919757171689,27.793206983928915,M
37,174.1610291036694,22.431126922959237,M
23,176.80040613205568,17.874764743597687,M
75,171.71489982175598,30.595463303814185,M
7,171.11718573762906,24.62569567468138,M
20,179.58957491557786,20.640671541598785,M
44,170.61460214624023,33.968515105301805,M
31,170.59715906982956,25.138268663741016,M
5,168.75177067171484,22.606363930411785,M
36,175.03435297167334,22.724361229101035,M
16,173.82946708795805,24.165286663137806,M
17,173.19306864110158,28.536837886728886,M
21,173.4376462557071,20.092662626010846,M
37,171.517070623226,24.611797821494555,M
7,178.77364441561227,27.788922934279526,M
0,176.98873757952984,16.99895370970161,M
54,173.5119977162556,28.529526673714585,M
22,179.4011983667825,25.807221987852607,M
21,163.9971449614839,28.888404983684065,M
56,167.3832915404051,17.587632958134062,M
18,176.36653847880677,34.260402847190065,M
12,173.89656444916028,24.62876271487612,M
32,176.914357540608,22.00914573621781,M
3,169.52373138507065,23.8482647031542,M
45,181.13928451434677,20.83851846977749,M
33,176.0686432750762,29.650772186381108,M
50,178.23186369689722,22.4518243920349,M
32,161.1608153861336,29.15245921314289,M
36,173.23807039980244,22.979624767098638,M
1,186.4056951923449,22.275871934585048,M
21,172.27023332679562,22.830791310387728,M
57,166.4034422363316,22.335912431742305,M
32,164.4413781206026,34.91719828567699,M
31,165.55635360851065,24.27416431275019,M
43,166.82729893842105,27.808899419870784,M
32,164.89471617238036,21.3212137429133,M
55,167.75332366175192,17.31771857145371,M
5,162.33384355366107,29.67012095693081,M
57,175.014648209171,22.99077935772918,M
21,174.0396585211956,24.273093221882576,M
46,182.18569975937407,23.298819640296315,M
15,176.0480662350686,19.36014437209452,M
1,171.84824829649858,24.715338573099256,M
56,171.52562726070903,26.232864809223077,M
23,160.8419745813075,23.616619261667374,M
9,172.47731052609532,29.29872203232317,M
54,168.06503925311773,23.88082074849256,M
64,167.5948789922401,32.09541577646098,M
27,183.92437387181693,26.973940175041765,M
5,169.10640634566568,25.66538726666192,M
69,168.12107542096703,19.344163462411974,M
11,182.83518177378178,32.62972431420752,M
17,166.87952619467143,23.74521746337279,M
40,183.89366928335676,23.25136396309836,M
37,179.21350115976585,23.90134643478744,M
58,167.51108415788798,20.31503857022432,M
68,173.61520517789904,25.205703405016184,M
19,165.85497154080318,27.51859042660439,M
5,175.5610852071776,17.703374975801562,M
25,170.9177775493247,21.038933100682716,M
30,175.2711244064399,30.52024846417061,M
36,178.0388335947408,24.968406521008315,M
40,175.31174075671882,28.176537476763574,M
12,164.0183969942247,24.438689564717123,M
26,181.17044579000438,25.115114119367018,M
18,170.08274844166044,26.72900299457074,M
56,179.1745274195756,23.819658983433197,M
32,171.37728283849845,26.622157127467286,M
29,185.4278298677549,27.69827832868455,M
48,171.6483268780845,22.080357411265066,M
16,172.60010904145904,21.283716198801876,M
5,168.69390397648266,26.568194770122016,M
18,164.01045787962113,24.88724951894523,M
31,161.05848790236408,17.486063881294548,M
14,166.07116423343575,23.556179906789104,M
53,167.15280769056298,22.149610534857302,M
66,167.70198390128024,30.950706301153375,M
5,168.03285308046665,33.924759425675816,M
58,170.7379184714028,23.54871717140847,M
0,162.46377104839473,19.976706781866703,M
34,173.77607690864093,22.975283231099738,M
39,172.0770636436128,19.116211894937138,M
50,163.812832686974,21.512859016221338,M
6,164.42941913168366,24.815094065349825,M
41,172.35733172913476,21.8901687996407,M
15,168.12767806174818,16.126154790567057,M
67,167.36030086625146,20.210844367721524,M
10,178.69283377683252,15.179250611536318,M
15,168.36360358218607,27.578229031196333,M
34,176.74544838694456,25.897097147670408,M
34,170.0888443096069,22.503661603950324,M
36,187.21576060928794,20.714675190629574,M
59,170.5388812010057,16.596551256682034,M
46,181.17330260141523,29.41611768331788,M
36,173.26823841652325,21.55690256625812,M
30,176.35804109285286,29.07038420162248,M
49,177.16670136993156,22.394334743944388,M
64,172.99855987354505,28.978539883437396,M
57,171.9775823571837,25.267402509779725,M
36,178.95085129135887,19.39647431194968,M
17,174.7374103645522,23.469537101623697,M
43,178.7711314407129,22.98174852050437,M
26,174.98224246260716,28.172436686097413,M
10,164.18482508018414,22.049161750846558,M
53,176.0857819509464,27.918106844560583,M
73,183.35295973406392,20.00377276134489,M
51,170.45522368064215,21.36868680103871,M
33,168.50028349563294,28.52544032679553,M
20,174.06294600902464,20.04500389206027,M
65,169.55407051559018,25.1969253694631,M
63,170.64306461308638,29.901364110376875,M
0,170.6093862668234,25.76797348298705,M
52,169.68414651493254,25.698895008722317,M
7,175.6648835644774,22.114805217425612,M
54,180.3462326443579,23.229518331700156,M
5,174.32776144446385,27.25666227909446,M
24,169.17956335159795,25.362436684458984,M
8,177.95569396487767,26.486493999316995,M
46,169.0402943162662,23.5539238613423,M
18,173.13627097294153,24.661742667439952,M
47,174.6228192868271,27.316114058915616,M
44,173.8673580798283,26.978933307296106,M
41,175.74381541224275,25.883081201959886,M
1,181.27612897565177,22.50325525910103,M
41,172.02798757759518,26.9249926308551,M
42,181.10415592577283,17.27417982848295,M
54,165.19298572357616,23.85881301559101,M
10,178.6543188142327,30.758896415400308,M
78,169.70018032093932,15.709998621927038,M
42,164.2714794629454,26.048459469985453,M
6,180.93443419930205,21.919089489555834,M
34,175.9071934880471,36.724144342157366,M
36,172.05168886096496,27.609589808518262,M
8,170.95484323493403,26.588531172909036,M
11,178.37640274519728,20.065142982025776,M
33,171.8800886362116,24.031928577156147,M
39,173.41717978537417,20.30305888529081,M
67,172.9686085524561,23.241079067613125,M
44,164.95100232006502,24.898626603458656,M
16,162.16270935246092,32.34580660071104,M
3,164.80218342480453,22.800430911894193,M
17,171.73399277705474,31.627109756000404,M
79,171.02834946854549,23.825415043845823,M
84,180.01231496894806,12.531590848864592,M
42,176.18077457309593,26.848403841181646,M
21,186.43432155764262,25.372919824240633,M
73,164.87003047502344,31.57689979122005,M
66,178.19517795019848,25.406526019827407,M
22,167.9650148352457,30.18116146712819,M
8,164.43438418635998,35.26459634237721,M
42,158.31476083404775,21.55140866053983,M
28,174.10081130864086,18.326287034144997,M
50,177.7585050334938,26.50391284971208,M
40,166.86798251680173,25.73681774274999,M
42,173.38767875191212,13.883245464716289,M
9,166.12290773845763,21.91364038414074,M
60,169.37417682986373,30.625506413353776,M
18,165.9050402862249,28.995860185779932,M
16,169.54915821087573,31.394381625692866,M
18,156.27872463991324,21.341762987010927,M
66,160.21961686046185,15.566986157418617,M
6,181.44107532345848,23.801669843628126,M
18,174.18645410122943,23.894382244901315,M
38,164.79317702645648,24.068661446632497,M
56,175.46171683404847,27.454419211194196,M
2,180.8657751959135,18.9884458697681,M
25,170.76071387906683,23.292656707615617,M
49,172.513377871029,22.586072484438283,M
33,174.13017520849394,23.540936234145367,M
60,186.09926999786884,24.56075617830056,M
32,168.69867611060855,21.780443488723265,M
1,173.0950218061149,25.690649763698527,M
25,177.85739892140484,21.336162539405894,M
23,170.93500609879112,26.886054471052198,M
14,174.06974079292252,24.41268705244643,M
0,177.02715297298133,27.844989552204954,M
32,174.60347155866546,27.749290522947216,M
23,168.43371946527483,21.17423059329665,M
37,168.7609294462138,28.67911340011174,M
48,169.57983905554246,18.896408230992275,M
36,179.89207270056164,24.943796193362488,M
28,175.6440253315582,24.919844617877803,M
27,167.50525782571515,27.512087047479156,M
22,177.10231089267245,20.746456315493475,M
19,160.25859232337618,25.038797453266234,M
4,178.03071691244475,27.927080237181798,M
33,166.1762810384955,29.82668238776158,M
35,163.13377527699106,20.034523652425634,M
39,177.76539970379696,30.81897820835035,M
51,183.44603769260675,23.20372259837248,M
31,164.9714348612147,23.63026747935877,M
41,178.2359104402047,22.03407474001198,M
8,174.22338269533338,29.947112577588534,M
3,171.26562297704737,22.01382821565661,M
22,182.37206828730768,20.105620314113963,M
30,159.10616191426217,14.024355809107112,M
31,177.32093782086545,25.397795788430397,M
42,172.55121225052758,22.934357739376303,M
5,172.88239112221663,23.663309448986414,M
23,169.5721779306973,24.956703576978466,M
52,173.57019096902647,28.097081968690688,M
4,176.68203496969934,16.73783278269613,M
51,178.30981878539416,25.85736006935351,M
0,175.31136879537445,30.855149923448334,M
14,173.6482801419512,18.158059373501708,M
43,173.03830108969433,21.368627411012135,M
55,162.8747195104645,7.995923867991792,M
33,165.51511012020492,16.983990949592474,M
63,178.53141765614538,17.464420164883084,M
61,174.1168186608645,26.8851329644732,M
48,188.5097950730096,15.993796481252623,M
29,176.98342886463143,25.838644038596648,M
57,161.77054297609675,27.420541471885993,M
20,175.28899060675752,23.159043944948856,M
11,180.7616125783882,13.595741620937211,M
65,173.1760688149257,32.851598911310134,M
26,181.68179837796137,24.547098083360737,M
4,166.8318086666549,27.22835870995442,M
22,169.79716818555238,24.331329853445588,M
34,171.78808786386472,25.56853996183644,M
5,173.0442700538891,29.927774380166156,M
52,174.49527106596653,20.107103329999745,M
10,169.53553095480706,25.14530083740867,M
12,161.52931157014694,19.46108938321912,M
62,154.04865384472615,18.45575842140355,F
45,157.28931904962508,22.781053581155696,F
20,150.39896696052023,27.10826555430003,F
33,163.6961270201864,24.37115072527425,F
63,157.38321163871274,21.26624169961981,F
56,161.78306849590783,18.739951098803957,F
78,154.63514198527932,23.135036868979416,F
59,161.31827259084005,24.039263879881293,F
28,153.1552282734765,23.961842141906548,F
20,169.1138992206176,23.771710619603223,F
14,156.81576066063712,22.729925489064364,F
19,159.84383166468905,24.24538501995335,F
59,164.28602705839958,26.10785883120485,F
4,156.61784975072484,27.15341564422604,F
28,150.4156711273117,26.976018861672422,F
0,163.39172423344067,27.048373414365567,F
4,160.40416501949005,26.608720820639086,F
39,156.3512076794351,33.35103568512409,F
10,157.57059049760642,20.966869533032483,F
64,158.32422531464763,36.14855335323574,F
21,167.9395253014275,17.173670476441217,F
30,165.98957506025565,22.025333256382872,F
21,156.56508977207784,21.908271136557296,F
32,161.8870898951796,31.920677119023196,F
1,152.2769356654198,16.92978294286909,F
16,163.77699342387044,19.50028796562457,F
83,157.71176265572524,22.46533375010538,F
43,160.54350763234908,24.85016943675886,F
24,155.17008846633033,12.837155297320425,F
27,154.6588206464986,26.888058824270836,F
17,155.8880532276246,30.405355723787718,F
20,161.34248898225667,21.878594046226517,F
25,165.26064670144544,24.65836103263754,F
45,160.98311646172138,30.340734226890497,F
81,154.75547424256206,32.81821267270945,F
28,157.69495995095636,19.06839527380628,F
63,157.57881114940747,29.399876356700364,F
3,156.32706419192047,22.50773879035492,F
42,172.3167886980134,18.967236727101685,F
34,161.90224206708967,20.830837855926326,F
20,154.65385539205894,19.777285212735553,F
41,156.63756326056512,29.79594079350872,F
9,163.95414094940978,26.741239291456882,F
13,153.39410804848282,31.264886099960343,F
0,161.24751667644404,28.3148523155453,F
42,158.59235121554568,20.83861170431429,F
16,160.55613422132214,18.78443408695825,F
70,153.14120776276775,20.698978442178543,F
78,166.3614287514994,18.611720357256633,F
80,163.16141811713706,28.000598696468128,F
23,156.14786160630203,24.2659783672556,F
57,158.30445489947593,30.316149181895305,F
1,156.83245351579478,19.047868955295435,F
52,157.97316104908626,26.455146701775938,F
46,161.2958937512092,29.30106109580743,F
81,159.09273586623988,23.14213310718313,F
82,148.76197216332343,19.16728005015211,F
36,167.74717574260424,21.521507953704095,F
23,151.60155727152366,20.967148951521715,F
43,162.11123847613268,22.82617781641775,F
42,152.95546981703762,28.630934426323122,F
36,156.2613240061791,21.216925801363168,F
43,154.54436396225745,20.045451213878046,F
2,152.33366698339964,22.393501295658684,F
11,149.90601341696467,24.71617609840841,F
18,156.6128064825874,19.115649044906874,F
23,169.50876339719522,25.67148344492268,F
8,158.41786084678517,29.73177400280664,F
3,147.13658976403676,20.823046748795335,F
68,151.7197951535584,38.37141907024359,F
2,158.32089313132016,30.80085199134978,F
43,156.9481021169542,24.481861968024674,F
28,153.34812364885042,27.94180427882246,F
34,151.22993714022863,25.649415526887758,F
24,161.18649354951745,20.323311672911572,F
2,163.59104123826688,26.88875935230012,F
46,156.771807753343,27.9627051852794,F
53,163.3603318576337,26.779669867414565,F
39,165.68510754932535,25.03008955742115,F
35,155.5577197133967,25.11134749818331,F
37,155.0570173962074,20.59602791923929,F
19,149.67272017166204,20.927610470824572,F
34,151.8422986450399,28.620357016453006,F
59,168.21191649098432,18.350345368736996,F
57,149.4072410862862,22.620052864691612,F
40,160.506018637632,24.535971903901267,F
33,154.58365630391125,11.128739023048361,F
15,162.17786234449915,25.15111296448535,F
37,160.0919232424099,28.928630950480205,F
25,161.23338283020544,25.430428275885415,F
17,163.84872998064438,18.390402518563562,F
46,164.205526248214,22.221741825948246,F
42,163.1571944601437,21.191629139141025,F
10,162.27634263613191,29.262452634787927,F
36,157.26496180775027,14.890242830834486,F
20,158.4946684495649,21.580216180718097,F
46,162.423610260632,23.296013679842016,F
29,160.96688652244146,16.920639721386138,F
8,160.67202810462084,24.836056982634013,F
11,167.34632457139583,22.004911016661055,F
8,148.2978222249459,23.28471411175616,F
24,151.3677423407983,27.201133059147253,F
49,161.26480101828358,23.34773676663321,F
73,156.41828046098348,17.077579689341892,F
50,162.01148195184493,21.58258046690372,F
14,153.79794837436768,30.402898966482425,F
48,166.89390874167913,31.71082419025609,F
17,160.28522077613664,28.720362718679567,F
35,157.97484691791158,22.504551454098756,F
84,164.26816168928275,21.005259449152092,F
24,156.41141123307298,21.93002449697544,F
11,155.14982781270575,21.628002985012312,F
50,162.2818703361027,22.85757065488426,F
25,157.71204785452747,20.38330272890302,F
39,162.3758291021011,37.487653630819096,F
22,166.69334932758298,26.109740937839227,F
61,151.13028782785486,22.369952121689,F
31,145.51958347992678,22.676196717945054,F
14,160.68961104772924,32.127305317651974,F
11,158.07992796070377,22.7643922428298,F
74,166.26043005681015,26.602599868917167,F
43,168.4065070398056,22.854302010396232,F
51,154.5291347358349,21.097381194165024,F
12,157.9366795185214,17.40877125391637,F
10,155.22909389304914,22.456525365622856,F
69,164.56181726989965,29.403572229088283,F
47,164.5142987257813,26.27321808261281,F
34,166.244098734251,25.641627235998214,F
79,157.57104781026305,23.739739984150702,F
4,161.9587614051403,22.64204056245782,F
47,157.80255493374224,29.608262361849317,F
38,164.0030382541533,24.39583699616045,F
26,157.30495807566447,31.063800069858324,F
13,167.59070169467094,13.951256578448495,F
27,157.32894968089767,23.246120186773062,F
21,155.01259597456155,28.76976196186215,F
12,154.5290856109282,16.378107218723166,F
17,152.8388798392487,26.162927760497556,F
30,155.17349694786446,16.07880591369221,F
7,155.02328292600822,28.458185454622885,F
18,153.74702762570973,15.81711623603258,F
39,155.69129317782142,15.04660853438891,F
12,154.8331608772229,20.12157739931545,F
62,156.8737678708426,32.59873508934923,F
63,161.9307889449865,30.10756654897498,F
48,160.7929054105578,23.33411203897912,F
18,157.20764290815686,28.03312209565209,F
15,156.78082590856536,18.34391706474657,F
59,162.99668823398915,31.034182719229833,F
47,154.55252281608634,24.614047377491485,F
0,158.3120810635789,23.102572198338905,F
44,162.3504901088042,27.421061671202033,F
42,156.0492277614134,24.532139127105935,F
40,155.9433692771296,24.428501457738506,F
0,163.97114339049818,23.759847942088403,F
52,153.94267182131162,13.922564918961815,F
52,168.6827465552106,17.67695076887259,F
44,155.4411838301366,25.297523372172705,F
71,165.98989287001513,20.14620106789154,F
49,155.74283171334213,32.865992665793215,F
33,148.89647517108116,26.004793567398533,F
1,158.539613613171,25.43795443004178,F
94,163.36336112254685,26.766982334173147,F
84,164.34519731790706,31.260126543595945,F
73,158.672561635988,17.464854545648958,F
74,171.9139118482372,27.728283356847687,F
32,160.65575900269135,29.222354681899688,F
19,162.3209132776783,26.9138266069396,F
63,158.32615258835816,22.523527599934972,F
7,151.98409833493633,26.777477101999626,F
10,160.5601566231129,25.415850044553768,F
6,166.91065822243038,29.482793380468234,F
46,178.1493875895645,33.718802579065596,F
46,159.85637997788535,26.064939401708497,F
78,157.78537951721054,21.370451431276326,F
1,167.38235781580312,26.005456523501508,F
2,157.95420745562106,28.272702808639092,F
22,154.21194644582394,20.064266599443513,F
7,147.18759408294835,26.118064387962363,F
26,156.8166866964447,28.4545975789285,F
44,150.03796953237253,18.00616416048384,F
24,160.83517529860623,18.491495206606402,F
24,156.72039393367277,20.83659916011129,F
37,164.36650922420904,27.76347729532285,F
52,159.55774004050215,27.90478782409907,F
44,154.5410904016209,24.19882738575519,F
7,156.7806191906362,26.428962302985063,F
29,155.54352402142982,18.0390162930256,F
19,153.50571577111262,31.1743213433131,F
7,169.84278078716238,30.312997670681632,F
57,145.69476822941758,29.261654923843714,F
10,153.7612927115059,22.8616222218399,F
45,153.28001626993918,23.6025930392783,F
44,167.47369669801864,14.008098898076902,F
13,162.98588733384648,20.87107789306693,F
56,172.0165070951862,29.69975542227841,F
29,162.0609282048484,26.00724900984544,F
51,154.93918783908273,21.358396544566997,F
64,163.1788141863838,21.801246649901557,F
58,156.0561871525276,22.9223457253926,F
6,158.42550977712335,20.15374985612963,F
35,159.01993903722007,22.97704843990026,F
3,166.5687481790496,23.30081170722034,F
18,147.7606241218014,28.777864279857315,F
36,167.39527686711585,29.08439814753305,F
30,166.7528930444142,14.831236461019627,F
56,162.64579741727658,27.268899547033,F
21,159.7160948379555,21.685494234295426,F
11,160.6773499112063,23.799985467292327,F
1,159.8981116506755,27.149333037559387,F
81,159.29711160230926,21.287378674625856,F
30,163.65814305197813,26.6209883728215,F
6,162.46538514089212,28.660601258625938,F
29,167.0919704756361,29.894678697408168,F
78,153.37347396227625,21.30925697882422,F
15,162.99962625086997,18.804616077833444,F
72,146.08149110682697,20.340428970009384,F
69,156.8113598945776,23.04015348237408,F
31,154.93213130364248,29.962224363669414,F
60,160.0984833601229,22.22479869074984,F
40,159.09173857521702,21.254052470505375,F
1,156.7951034183106,33.58249172986234,F
21,158.6218191074104,26.455703540092227,F
34,155.15660643428163,24.652088185818176,F
94,155.2916057194416,20.75127881751774,F
40,154.3232346459016,26.810895945501514,F
52,161.622869022993,20.073419149665007,F
13,157.06864847021248,18.589768202491754,F
24,155.2462561001024,22.395195722779082,F
9,154.3638061305241,15.758763168968644,F
52,164.25642528737762,15.929647978211026,F
38,160.38680195141976,25.503117546608042,F
14,173.69785319044013,22.478671597592147,F
29,150.95311244776477,27.487698267474453,F
51,154.6334772266219,11.909047400085324,F
5,151.3438434726321,25.70311117649504,F
27,160.71009712606326,23.373209284453466,F
68,160.05024422761468,35.54187670520728,F
24,152.9866322544612,33.81099439133348,F
33,157.99098260443293,22.868656150243897,F
49,169.76495684308833,25.75682711392263,F
48,160.10151405354105,28.406609180923247,F
52,150.41659604829565,25.568440229251866,F
60,166.66992560521177,30.056202366753972,F
19,157.56096989421565,15.353383016328696,F
44,161.73571307395184,28.72796393738288,F
29,160.43680724720875,31.020958936808306,F
36,154.00398831605884,20.71379938011113,F
41,162.35410083784654,23.94855790856983,F
23,159.85095186240832,21.276751350716125,F
12,158.70570947161218,29.07621326718501,F
55,162.38064479990277,22.1701966306898,F
14,159.92298265150527,24.693879698418176,F
48,164.62628464172298,32.23610887821861,F
19,168.8756289276499,25.927042830591105,F
36,164.76228506989395,17.381045263631346,F
63,155.40739802696714,21.731587592325045,F
42,151.30021333776492,25.278969425121907,F
13,158.70176326265258,22.870796755012147,F
8,162.60357522682196,25.82996998983137,F
11,150.48712779379582,25.061377790078396,F
5,163.92357379889862,20.771437584325774,F
32,159.137219256735,30.486454689671277,F
83,160.26217020441263,25.58434226339717,F
22,158.6493751549117,26.226196496751268,F
27,164.3746647734737,21.56575450809454,F
65,153.9293519510786,25.023426001731842,F
48,160.93665161244843,25.99372315208299,F
25,159.2901735646513,18.8039902155356,F
16,157.96401887084684,21.990033339081606,F
37,168.37608876703456,20.520640726098677,F
11,157.7641797622705,16.704039703118738,F
62,159.83946175813557,16.18177760544465,F
62,160.69116655434445,18.002331874466154,F
31,155.2869420588882,25.989729274749084,F
15,157.1582485179889,27.576127965466753,F
44,161.91642806156574,15.723960840705107,F
28,158.93530909848164,23.087921130789656,F
73,160.5238953992155,28.14903898472542,F
13,166.20718994601012,29.370761112572104,F
34,155.47567545943073,21.483604382893127,F
70,159.54443447928182,23.16484055841855,F
47,161.15055658623052,16.40673419307048,F
61,155.8918675899524,12.17860004096058,F
23,151.43055158331583,27.72230910016564,F
45,166.69986635130627,35.496545324548755,F
2,162.46876902181526,23.049690306269447,F
12,158.19826475491496,25.14916725657705,F
31,162.59092696347213,24.50201360004021,F
34,153.04851214971123,24.32426158342325,F
60,158.91564141922558,28.399660614380974,F
54,159.4007772383016,21.79534913106374,F
61,161.52799959919994,33.144302312172925,F
2,153.68119451344572,17.961040587425128,F
88,153.17501920679845,29.297205107053593,F
8,152.38445874753808,22.308206776801207,F
24,153.56236586206344,19.997224258037654,F
11,162.98654650494075,35.56064864403675,F
21,154.5767036078161,27.0813750226256,F
56,157.67039558789637,23.628948354901926,F
0,159.6982781482549,31.154018335888093,F
38,170.45803363664956,13.293382994737135,F
21,165.7016594196426,18.025722256135026,F
16,162.0104725257824,35.27384464254632,F
41,158.54827661078488,23.240570224049783,F
20,166.11475480525286,35.523552420790466,F
7,167.5573295915902,38.4162294646584,F
29,156.4117028131538,28.71113931613002,F
5,161.26881515169853,27.213618444754957,F
49,162.40520538036762,29.937843360309998,F
21,164.42508695545774,13.83453626584173,F
27,158.09841103522197,28.785325653617054,F
23,164.8312831012379,28.29407675211212,F
67,161.79421150623654,25.095845275661457,F
37,159.10968437348612,29.33148666965864,F
50,155.34115937554688,24.874458959915373,F
28,156.63779805787465,23.649788729816027,F
60,162.77933307646984,24.62696590524871,F
10,167.64598954270306,27.490226532285384,F
37,158.19625802201426,25.899974701631,F
79,152.4589158153792,26.356322580659615,F
52,152.66359430183428,21.090461692613765,F
48,158.32624436573505,25.233631072066785,F
32,151.52883245138875,26.799561237620363,F
11,166.26992973231194,21.917096486344867,F
46,164.63718727157175,22.32949706277307,F
2,154.14288150822233,16.036211222894845,F
44,165.77891301781543,21.620520445859906,F
16,166.5925340745941,27.222742946814947,F
14,155.36109334959065,27.876763904471296,F
36,161.41955055943922,24.472252953342633,F
60,170.4772060064433,28.608855949136288,F
52,162.706792227437,13.853700742996821,F
33,153.47294929089875,11.640766155194484,F
21,162.4091041182828,18.703849852087814,F
45,162.43084537583218,22.339343355258343,F
31,153.99125053817764,22.47165401087848,F
5,159.90671127191123,22.606047425520362,F
36,158.43647374998503,25.375972047632807,F
0,157.49258958718792,17.455330345749367,F
50,161.57119328818763,21.247706017694973,F
12,156.4649911127313,22.397220521411246,F
62,162.4592869434522,23.33715064362329,F
71,154.78310522330213,23.979788702418595,F
102,160.8018274830298,20.8760969420941,F
23,159.0256492490489,24.66714309728697,F
75,160.12769544069968,25.900412068985258,F
68,160.83830726564193,25.467788699437904,F
6,160.17777826803626,21.983605339157453,F
13,160.2570065898413,25.399270756513694,F
13,150.064654871944,33.58046762623903,F
4,158.17429877636542,30.360104178317627,F
73,152.33866204854235,22.469093567317763,F
1,160.54326794783174,29.225783020356218,F
28,165.69491375186973,19.864676711324528,F
64,163.20774591323587,20.3173526216665,F
8,165.65924213474182,20.25164214626035,F
4,165.58332277899373,23.51625679193284,F
50,165.05184831674208,21.956316742354865,F
30,163.43723976113472,27.346159758867472,F
15,162.17221236822144,20.86570131447688,F
62,154.589931308421,36.53557730093664,F
15,154.13146171377684,20.42493721470053,F
9,156.2110720939471,21.62854037958779,F
39,157.16938155458644,22.135912742174924,F
31,160.74700745115655,20.48350816353976,F
41,158.4532261506861,19.80920974821148,F
57,153.79283995799778,35.44367161182677,F
42,160.2883005957337,19.377381095660766,F
0,152.77652851153377,25.31188106824101,F
55,161.74904261847297,33.96583419872637,F
80,153.2016104878221,27.16628791164805,F
4,163.7783865582722,23.788154601715632,F
54,162.82245043313057,25.8388087550411,F
36,156.32378002425688,21.995629323066694,F
5,162.35288251519955,32.043591901644724,F
19,166.5273713727181,20.623054262705104,F
17,163.91250570109347,31.01632879901293,F
54,152.8661653624952,30.359525066049052,F
1,166.87240378046815,19.07882932212779,F
33,160.38741776215358,30.012356623315284,F
14,156.2607599001237,23.73324688868158,F
7,167.96367368438877,31.043453124866346,F
28,161.00698812756104,20.386736068270704,F
58,155.67963122575443,27.16507126409872,F
53,165.60800821210805,28.166700587044843,F
82,159.1799233259901,17.770929172315537,F
14,156.67663618380203,22.56122223927299,F
33,168.65412213074467,31.844779284627872,F
12,153.4641842055803,23.90686339624688,F
43,164.31826828873042,22.482185740004518,F
69,146.78780428473053,35.15905627036545,F
32,153.88539162568657,25.7750852394021,F
24,156.98539735420778,19.395726017606933,F
28,164.88552183890772,24.966965690952687,F
9,158.4653529723118,27.698148576304828,F
7,152.5309866476449,32.50205957564172,F
63,150.70548005203915,26.68583842898668,F
14,159.68914478899214,26.913968365431263,F
30,164.9864898623354,28.243132581073116,F
0,162.45988718425204,31.198093413922713,F
10,162.6037302065988,27.126327549714098,F
54,149.7598411155942,20.558021021142757,F
52,154.16540486964414,14.625862302417172,F
61,160.26034480412758,24.945908260146332,F
49,151.09183914259918,32.41341983398346,F
18,164.12087779499583,25.421412614221673,F
35,160.50200731318057,25.697536682688195,F
13,158.1886900347125,19.56950526930901,F
2,153.2100631551778,26.62222558294235,F
25,163.26066681631912,25.49674570030198,F
19,166.54679830663147,19.94998962949722,F
87,160.65685460263745,18.444551866167934,F
2,164.87367248404172,28.014243535055666,F
53,169.18781800213537,23.084599256629964,F
22,162.79240823807433,26.418385550211084,F
17,158.3358432720499,17.146854732386785,F
29,162.38558425826142,28.519210739163693,F
30,148.59469661904697,24.177895362460937,F
29,157.09922236465428,30.83731705868772,F
34,148.93054046064793,23.620524529366055,F
66,148.63588184876997,24.24926885716633,F
34,159.26435885756533,13.136907917660507,F
46,160.39277179611324,26.435116901508636,F
7,162.96962018413228,25.306785955540473,F
7,162.56577672412553,28.554244405827497,F
65,160.48297668205277,17.45517731598173,F
61,154.74911694810373,21.7020464791025,F
12,156.37578261600123,28.05441977205848,F
20,168.04444766633688,25.61174491981077,F
43,153.99672454615077,24.757226193582174,F
2,158.57119501910776,21.793822502919,F
7,165.34160568226312,19.447022200120422,F
10,159.09625860847882,25.792752245266797,F
45,162.06391268833332,20.256227454139747,F
30,153.21172479504574,31.63501017564016,F
32,157.14085324894987,22.069104962491206,F
8,152.55084599095653,23.060064113233665,F
37,161.6274882035814,15.704502564750676,F
47,170.13363395818223,29.487883008613863,F
49,160.82009349637923,18.951036114949876,F
48,151.49331028948302,25.95794421752593,F
71,161.17131713872402,22.952821698116654,F
55,165.17485668421068,20.43956990325908,F
56,165.72195070303812,24.22608630281354,F
53,153.49594322440748,26.190914146627193,F
40,157.5917312592262,32.64041199061972,F
15,162.21191612333917,22.30205614207057,F
33,164.2879627912951,23.467094797260124,F
34,153.62424914893046,21.863238213697816,F
12,163.9731100039405,27.070047426594755,F
40,156.73424724579124,30.910168369337452,F
35,156.67985135575043,25.316824509639076,F
19,154.0403708623682,21.38405392315449,F
24,163.3176873866452,15.056981898238748,F
44,156.0130919400765,36.63440622039689,F
79,154.48925471579147,22.448053128414617,F
69,164.0398637079498,35.02099671059737,F
7,160.594389505252,27.716735085804043,F
0,164.17373678155008,20.784339836322744,F
8,158.8531824427255,22.81944959973382,F
5,154.41375245141066,28.00890980917037,F
17,148.84719642955525,20.698753391532257,F
92,156.10262299048307,32.95471243268959,F
24,145.87507779599778,30.82895609840619,F
55,166.74303838697853,26.524864085311584,F
8,160.11149476319176,25.999958576846755,F
56,159.37125979574674,26.789044093029897,F
29,160.2559042078271,18.712687439676273,F
38,158.05694633467928,21.396367750865778,F
38,150.01928637659853,13.844763677366249,F
28,156.99873491343507,16.21064628814893,F
11,157.87381252197403,23.897334180068164,F
65,155.87055744333026,24.500799435368922,F
34,157.9137055438742,24.948619141711156,F
55,152.52016085297888,24.674803914388175,F
45,154.23251828757327,29.855458423333573,F
15,162.95400151042867,21.185303741541237,F
10,163.57268439487436,25.093123426879487,F
16,164.27730248174353,24.689483610826667,F
4,157.1217393681972,29.047746993881873,F
20,167.55436662761562,34.93763286192207,F
32,158.7597298830856,19.304285975201033,F
41,162.33615465604956,24.557002348391343,F
58,154.21869250459207,21.164534601861206,F
3,161.828118827302,24.277842526319652,F
54,159.42548267979555,23.121199375748276,F
44,164.9846904550544,28.779693195536098,F
2,156.28940571566835,27.962295589077296,F
16,163.75912576802142,31.87979894980863,F
15,157.44367354869829,22.0127120141889,F
48,154.44506357297837,28.310395266931177,F
30,158.207150579244,28.74352704225635,F
65,145.31258893619258,27.57884956086361,F
6,151.8555808037694,22.175364459455174,F
62,158.69054901413787,19.12594978325512,F
6,163.47638615330547,23.828742920769095,F
34,159.48291430259812,21.307272934003578,F
17,147.92999519367208,24.520096011470383,F
19,165.79469333730074,23.043465801418996,F
31,166.3901151802849,23.225787332497454,F
3,160.43735332726678,23.827620871724676,F
26,155.9637704066962,23.051100967976364,F
49,157.02926825973287,22.828295127135117,F
41,154.65649893213075,34.448134597977074,F
58,158.0328423188886,23.573137359338883,F
3,155.4115430132189,31.943161804141322,F
5,166.1149052851295,16.53804507539912,F
19,167.06785973080235,21.43731692421444,F
4,162.47108926412722,24.016032518000113,F
12,149.2974081039919,16.754741976224437,F
17,165.04507311428313,23.43184645623909,F
64,152.49407394221012,27.510720143351204,F
68,159.6304111381688,23.16244866103922,F
26,158.37425636900616,22.94578455553981,F
42,159.48703649639026,31.00330252685155,F
2,158.44460436161793,28.47425402082618,F
63,158.67943017081512,26.50280655563676,F
44,154.6434999683987,20.793992288043597,F
64,159.40066352306272,21.37895662448846,F
19,165.41442372592164,18.906970946992246,F
9,156.00965200469304,27.622685446112865,F
68,163.34431962938712,24.14034828409773,F
4,153.07700625558502,23.542163364397638,F
25,160.86837918039413,27.134481672824958,F
8,160.72123961809103,26.016961149216865,F
27,156.09318897107187,14.574172104523068,F
2,161.88182474306242,21.274557804316817,F
0,168.41083867934302,28.145018511163705,F
7,155.16399406894675,18.591078659383175,F
27,155.36700954702437,23.391463048914797,F
21,165.1035260772469,19.628307961724342,F
59,156.04440906781744,8.813722601181482,F
16,170.16324742353427,25.032286134862503,F
10,161.54855895938303,17.232030552812997,F
39,151.90730833813103,25.733025903925867,F
62,164.85846508590643,22.727213861768913,F
1,156.5618183046373,29.977007039229235,F
44,158.59818148543536,24.95839085435241,F
9,154.12578732577103,17.449730838309307,F
8,166.30523901487274,27.472583189708185,F
29,156.89946004207331,30.256473311997425,F
47,155.01439733742822,26.850007826855204,F
52,160.717627003532,23.362462765170594,F
25,155.9826951967736,27.927315395133796,F
4,161.56153624753145,22.172295000057172,F
38,162.2894861325457,21.407740739113205,F
52,161.43735400024318,26.90891903589361,F
84,157.03413574004145,20.160117456728518,F
3,153.56623996669882,20.013069062080863,F
26,162.22403538103848,28.93748659867145,F
68,162.96501867128342,21.2526407928818,F
23,157.95121227072875,27.719575329334788,F
6,167.93889895076936,29.190658768438883,F
0,162.83756241053726,13.544888604501281,F
17,155.92224877960408,34.16305275771238,F
57,155.917403810157,33.943828506149686,F
51,163.85076880804567,20.52660348331247,F
20,157.4006599405519,22.48697218297376,F
33,156.3823567392467,24.77144141947038,F
47,153.17621292094327,23.543340939935312,F
7,157.14413240100077,25.371510394755493,F
6,154.00764361106627,31.530492520451396,F
7,167.32248689331686,25.648506138237448,F
49,155.34993436658564,22.957010660969438,F
38,160.14957173961773,14.069649319451745,F
7,155.54162932146315,32.03165960982602,F
37,160.84580874145973,14.927157022666645,F
45,155.5859881882726,34.621912517719835,F
10,165.36919797135567,19.415846658039715,F
40,149.691146343084,32.66764891650922,F
9,166.4086322597849,25.835194102518372,F
28,156.85884709695162,23.575237128517585,F
20,158.31045527298454,25.188961775573368,F
21,156.2210553363143,19.177265605668964,F
46,156.22674278563616,17.825913510703614,F
85,152.99240982467342,19.504972037097936,F
75,163.10159166256966,36.94450121362935,F
34,149.51049792470863,23.25869736085924,F
36,164.38834096714197,26.524590400798665,F
15,167.95718190723173,23.245021599698692,F
16,157.59407763597696,20.62727735210912,F
46,173.1222725737663,24.940045701568554,F
21,160.16051223260376,20.466921115811466,F
49,152.26719671708173,25.96330861545167,F
44,168.85800800379593,16.502670783725755,F
50,159.38159951320102,21.50071308569268,F
8,162.67986537118537,30.36874494739541,F
73,163.72525204171828,25.030376773193144,F
55,159.36446454524904,26.499548023689652,F
65,159.2364630454068,24.422493025160037,F
4,157.48927056824817,17.886036369015507,F
33,153.42333510749293,32.66775188042914,F
49,154.74635538842966,30.229330833772885,F
4,152.3702783003755,23.846094920660512,F
29,154.82766587807598,33.10973922500239,F
18,165.35417770406403,24.17289105240976,F
47,148.32061810899322,9.395800180470644,F
77,158.85773999564574,19.891032365161724,F
34,152.417053863531,22.665251869658718,F
18,161.87799505880326,30.077690155185355,F
21,156.78897006711807,31.700103428767648,F
20,153.67092100834654,28.707056187010817,F
21,164.90468833449006,23.901378848024322,F
77,161.17327012748325,19.19080532396085,F
68,158.83293020943535,30.024221348349464,F
51,156.67823372879656,25.306350510835788,F
25,160.5089573868838,33.7022346095026,F
29,164.85572032028438,27.490237457074713,F
22,159.98964376574963,23.257624536508878,F
42,166.44761881080242,25.370287585985395,F
15,157.61568567019964,28.17771252511242,F
6,171.0879678262052,29.006684444011555,F
47,159.9701308959506,25.78400381724614,F
45,148.78576194292467,23.610140196851575,F
26,158.73881158170576,29.71213298501742,F
19,157.07017847551114,20.166308413614722,F
28,167.7756209732472,19.846664559671282,F
67,158.88181412665602,19.56570210792638,F
3,163.79441297849166,23.13446116792,F
1,161.7587516045764,18.64421184690344,F
32,164.4594915947179,33.14912219505459,F
46,159.02836918854393,19.142923758491897,F
11,161.98397797512106,25.885872863262048,F
9,156.83740977223675,16.560278045404694,F
23,169.13086154706588,32.84771916256244,F
69,164.17892279614804,18.538599358088412,F
67,163.52435638337175,26.604573554661272,F
16,157.67019292469828,31.847729689012507,F
91,152.32937790951678,14.663032533037716,F
32,163.77747928761428,25.901884710767796,F
25,158.66028118744975,24.023933694685486,F
2,168.55699945404257,23.96546921086744,F
20,149.47896531561074,23.87012488764112,F
32,162.97855570165655,22.258716993832866,F
24,168.4280485185616,20.60556323674639,F
47,159.73160910254794,19.878599685991652,F
42,155.99510487484,23.978813302505245,F
21,162.54561354229986,18.547255383104336,F
39,165.75607199326961,26.78076100471578,F
42,160.6085543695322,30.827914927928404,F
70,150.36847921399146,28.6657730406694,F
64,151.15864414951994,21.69946149223091,F
10,154.08757764180058,30.480428318924282,F
13,171.56168843632008,24.593401049949986,F
26,163.2573184821252,19.480746315566986,F
38,158.18659899489003,28.300396847123416,F
41,157.66694915531,20.13671368652853,F
27,158.13299790355921,24.317517565013723,F
44,166.35245542468272,23.415598291841196,F
41,157.43506515565713,22.16220386359588,F
10,160.75647604101593,24.3959444449739,F
17,166.72785654984222,10.70114337618348,F
62,155.64451897492248,22.24452147366686,F
62,156.77004509483567,21.512242628353214,F
41,149.82318837867757,21.691374306680075,F
46,160.66157075323403,16.511917125524437,F
31,161.77787565122466,26.54605100165988,F
9,160.60231140210317,22.394208494374606,F
10,153.35271823591287,31.750403651901692,F
25,157.52257928037457,29.333085588262655,F
49,170.60896820316748,27.35782524328488,F
76,170.56351419257854,22.270264299957237,F
50,156.86939237198868,29.5694463987167,F
64,165.6141225040602,26.671610417921947,F
24,160.72646796526416,28.393789488683336,F
54,153.4281132629461,24.20908422872873,F
8,159.8873768261815,18.253676140928423,F
6,159.22675175465795,13.04635734984449,F
55,163.65077770131268,21.62870150391145,F
21,166.65124560555114,14.125765324557484,F
35,162.96659951059496,19.121087661544752,F
32,154.69065325002722,34.37114341595607,F
14,157.16707296191814,29.24363655840162,F
2,167.0681081515449,26.57205524603805,F
42,156.362045055712,27.42847191067953,F
61,154.15039642585737,25.22828202742529,F
47,159.63335902542318,30.125148630947077,F
50,161.12054119031478,27.330160286625425,F
57,156.19841708369606,29.946157613668934,F
20,166.7899911339367,24.012326699440738,F
24,148.78590248362335,17.268401904089444,F
19,162.4542894824986,22.764905137766508,F
25,161.6409647803203,24.277199714990786,F
6,161.9372658934468,18.77776733209805,F
22,153.1210000344673,30.896782844563504,F
76,161.27152539146397,27.38102182659138,F
28,154.44456477265663,34.40495551994996,F
65,154.9422028460834,26.88565182244684,F
22,160.2500624389754,26.790771099043035,F
78,156.80476951602517,28.30552092605997,F
21,167.28878452584544,26.901120672498227,F
42,155.1475983361554,26.575312731902624,F
35,153.7952111993802,26.595274134986234,F
22,156.15324697710605,24.591729002143648,F
35,160.2745022968416,21.726011678756514,F
39,160.71229689248926,25.08143777984469,F
72,170.09353513903633,18.074441555938847,F
8,166.3438458588717,21.088790263198206,F
39,154.47368060036885,19.67255229624359,F
8,163.75526477441974,22.88204416242869,F
22,158.6199780480262,20.51092297996951,F
30,155.72459870121068,16.305341963935973,F
26,169.50783792931375,24.813663653751735,F
9,164.0612715873741,25.65392555035285,F
23,157.88146603651904,21.0513467257233,F
23,165.99424279925998,23.744132768562313,F
8,162.10019620965943,21.776538363211408,F
38,155.22189947482335,22.269547882663446,F
15,163.43333396467872,21.9505462776583,F
28,169.01206769203495,28.458306939309946,F
13,156.93810967592427,11.450530703805756,F
12,160.29576811592256,23.25311183912746,F
11,158.1216166585761,29.658695257789308,F
81,153.89731657203023,25.805987284141295,F
50,154.6561613550491,25.647293459350657,F
12,149.22548935178494,19.217916205864384,F
23,152.3488253967286,21.289077005439324,F
11,147.59620616520246,21.358248251605623,F
85,150.61410431989876,33.38844869242415,F
14,162.92560736275493,25.864821824159716,F
15,160.3270720391604,21.0343757998428,F
7,156.55887947980884,17.608825535848986,F
42,155.18025902956626,19.456951676958706,F
60,151.14657252861232,23.170219131537493,F
56,163.96515720770867,17.00817364833063,F
23,163.48911041590577,21.663548237717112,F
8,165.16723772075315,22.23403443235163,F
30,163.75866063167234,35.92585648790043,F
0,157.61765499507004,15.103623921622411,F
48,163.9796388103979,22.747590178056225,F
67,157.7618918259248,33.543983902641855,F
10,159.35259605099355,31.812972225520063,F
3,154.06627209841318,24.882517920479636,F
16,162.3627800476119,27.751196901165983,F
8,149.4345341574489,11.923740595557561,F
54,157.78696470288898,29.407935017132218,F
63,161.94808556209563,24.70338176250168,F
43,157.37628288419532,22.046684837734194,F
65,168.4920220444632,24.902148119621675,F
68,153.94596349045938,29.11596475211861,F
0,162.0428800167249,28.634191657226616,F
5,157.74323215004978,21.406311586068448,F
45,154.50011826462205,23.77867054854748,F
5,162.39463426733468,15.25880897683702,F
17,152.8521364535286,19.035170205680014,F
61,160.36576832127787,12.233072529380665,F
45,157.1828281275498,27.162018331057652,F
34,164.250688297467,23.738014836121057,F
32,154.49704212766912,22.11605316229455,F
31,155.20563682306454,27.973867291020778,F
82,152.9180635708493,27.795318858233696,F
12,154.33862088714278,35.75506374720423,F
21,149.65923764938927,28.202434064038044,F
27,166.0178242361429,21.85090928589949,F
14,163.66562992194372,35.2578799968712,F
36,163.06438333148014,26.94816129782318,F
2,163.4635991018043,28.91200596435163,F
13,146.39283091455604,26.658572564112557,F
44,159.73364598466395,30.067903251021505,F
35,162.89166909426575,29.10306476162248,F
45,159.32436954418918,26.762261716812795,F
73,145.43219928789222,23.291414791969437,F
29,154.34996968229692,24.21923982180761,F
68,154.59072289968037,32.72028540340118,F
24,158.56466187676068,24.504449176514367,F
36,169.7532334880054,24.43655228251579,F
7,167.91566800109575,14.341300185981488,F
47,153.6675503497778,29.325992668776905,F
31,155.71557833306167,24.949976366597497,F
31,168.62122732827208,21.66986131572218,F
39,157.88781536530527,31.219060467666257,F
16,154.3359944345601,30.735836045280458,F
8,153.5479562177961,15.658798471234372,F
7,164.67098379044978,14.65707979627018,F
84,162.0990073928929,30.33536823345431,F
35,152.60962570935135,27.247216052912435,F
24,149.86012556238498,29.794532362282972,F
84,156.108408063212,22.86386256626437,F
55,160.53934479003146,21.84159547429086,F
60,161.22752254897824,31.651968571727366,F
41,153.04350195942973,29.206749678718655,F
40,154.78986290021032,30.199221274748,F
1,159.2857314342388,24.312033180285383,F
50,162.9227736264766,24.663732468296892,F
8,155.06139119976848,24.103626315367134,F
11,170.0513025951056,29.492767942628454,F
16,156.34479818260772,28.98503015304845,F
53,159.43670773332315,25.82967857653184,F
52,160.0882919212131,26.85670703713892,F
38,160.69154657685692,28.76757585541793,F
83,157.95586625943906,31.141935179931764,F
60,159.6792024957563,28.33375114795049,F
15,162.02675732055502,25.854574477446494,F
17,161.54230722328393,27.412993257978606,F
15,159.19022747583853,27.999284750364026,F
54,161.31765979301628,23.48226202617714,F
34,161.04620869200232,18.080429217760802,F
59,166.00126534914105,20.464407777620895,F
49,158.34663322725666,21.079043998114336,F
10,148.34185199040022,22.979028723155906,F
20,158.5672602835157,29.56752839046402,F
19,160.09679971919184,24.062179644456496,F
56,165.73229336498986,34.66366881607516,F
19,160.47370431968614,17.61780844955461,F
33,164.43788583140375,23.396564508184795,F
1,151.22913199623764,30.170014142695784,F
8,153.37153463240836,30.35299007146736,F
68,159.85925910517938,28.764302450777073,F
50,157.49288877656662,27.63858995386081,F
45,153.5319656730837,20.57067132971446,F
13,163.1430198753211,28.016910280249206,F
19,168.8701497529097,20.650454202560837,F
2,157.98749622921255,10.131134425417196,F
27,156.7172702532586,19.38807170882652,F
13,152.04408720494953,21.43936821791709,F
41,158.03214756263063,26.233454621803947,F
1,158.1412820785802,19.084271788444404,F
19,158.51326010199608,20.42204900979268,F
78,167.52840066350862,25.43556229780619,F
77,160.034975158919,27.373895174582287,F
62,163.4422307552904,29.722470163641866,F
37,161.72293810419194,25.42200656265581,F
11,157.71532744360076,16.21792438234543,F
74,148.22053665326285,24.01114001707037,F
32,150.61971452031094,28.080620838637277,F
3,155.4934236236984,30.544645526358604,F
13,152.31731355360407,11.98917999532928,F
57,164.61553551180165,28.929017342694173,F
78,156.5073255979204,29.664458785700983,F
7,161.06332895621284,21.234474516973183,F
37,161.7224377359555,24.035765078367543,F
17,157.61603476261212,24.771632131066372,F
18,158.62561225661494,24.21606264068551,F
51,169.23286067398305,19.31026683771959,F
21,154.90196203387558,25.043012043913976,F
12,151.8033471719615,18.20371618470707,F
14,153.4122998872322,25.226838358346114,F
20,160.1274581988783,19.748115524119903,F
52,156.76078016032358,22.296097528546156,F
66,170.57091302103186,26.29278876643673,F
0,156.31220429307692,22.087350847878987,F
8,169.2455616841927,31.46281268413279,F
50,154.62924788370395,28.087390524164263,F
4,169.6661208884591,19.97549399594913,F
4,152.21978992398735,28.331796286906112,F
1,158.1925544330973,21.922272141500827,F
63,154.9568292898872,22.2234612358272,F
6,151.97477970239112,34.47208700130936,F
6,146.0545165130344,29.724940276906942,F
7,158.2689911745497,33.67911360784782,F
19,169.25244829299282,15.96182955193036,F
44,157.8757977612546,18.047158791278164,F
54,161.08048558292907,30.533626597734965,F
16,160.38429040485838,19.855830551605003,F
5,157.3340906075415,24.96114217955104,F
73,156.95782440519704,21.1404757990167,F
26,158.7397570956056,20.705029148572045,F
39,164.29925280179006,19.458644573841788,F
33,148.48341299905405,18.227137487013348,F
14,160.89535405773836,27.841502787097056,F
33,152.66732980144764,34.928186937119634,F
61,159.5629023611129,29.685964022307953,F
7,144.71919426892427,17.655986632633642,F
41,158.6726767621914,14.986190880376524,F
21,159.66827534074335,25.732614963684114,F
1,161.11222079174934,25.128488392261538,F
46,154.7743597901869,25.69127114901606,F
29,160.4686834296547,28.36960332598292,F
32,163.8456889625873,21.498212075732795,F
21,163.69538653980226,24.040865726318476,F
29,168.4113436489158,28.502232008007073,F
32,157.47763935004625,27.913824454880185,F
33,154.40783545266422,20.033011627769504,F
98,161.31670566367399,22.938152095339913,F
88,164.57784556956543,24.419346848495184,F
47,160.19304806362382,27.354413389627858,F
34,142.87630194126154,23.976853520201754,F
1,155.3679225782154,24.654716643625218,F
74,156.54391726188123,21.572310173475195,F
40,163.74116861998766,32.47875137988398,F
6,170.9972270403485,20.737484547419186,F
66,153.01308449611093,25.07773014310128,F
22,160.94094437661605,30.784488255440586,F
14,154.8513498093235,22.15616052104989,F
44,163.76446427805806,27.8326771647239,F
41,157.30099554725533,30.209340986634857,F
55,161.64762768036655,25.59229141543765,F
6,157.40280260694587,19.842799665241248,F
49,154.82177552612694,20.758191790188654,F
17,156.67379700385413,20.229454103238382,F
9,162.2113675692333,21.531983108782477,F
44,168.09379090999948,19.857036242486892,F
19,160.65423075292625,25.154048259896506,F
23,155.51437916794032,26.436407510265052,F
73,160.77042279802478,27.636151736545465,F
9,167.59205380628296,20.181758823862896,F
73,161.99335542887476,26.060646486152443,F
41,162.8103366015166,22.86645441504354,F
57,162.33773297041688,26.355583968156928,F
1,146.78243307941577,19.038256868406304,F
75,162.6267589595912,37.333962510370924,F
24,154.9702674006633,25.748743755943376,F
27,145.50477580353447,23.892728410664585,F
28,167.5173993601285,23.56892497783825,F
41,165.96931918804563,16.759232473856088,F
27,164.12433230204672,28.39754825863283,F
20,153.51102230644898,33.41758743120663,F
47,162.73859548789042,21.936492400102324,F
63,156.94324069384945,28.457756134715012,F
29,160.9774485378506,31.790983270742334,F
65,164.26090035560304,27.837250298293245,F
34,164.5814183754427,31.14881829661445,F
66,158.91725973609587,26.282712057519316,F
42,165.2615325204046,23.367473049634768,F
55,156.63863910841528,23.976879140876456,F
33,150.85642728150415,27.348093233444082,F
12,163.8031731559474,25.192484450223688,F
9,164.8972916396123,29.417602840814656,F
68,157.43859154391498,29.93766724360362,F
65,153.32901746996677,18.968511985323072,F
18,157.76546947310328,20.374758858401428,F
10,167.25938912206206,18.137869330975512,F
13,164.2064802254837,18.51663167390478,F
0,161.59374904440966,26.639556332896916,F
69,163.1396846894125,33.68281708137823,F
87,160.07298903012895,29.791587893146655,F
1,169.11865881038963,30.6574266164983,F
7,160.59902140913258,26.624764238278658,F
13,152.4028822641981,21.79904865532599,F
36,161.0044510658651,35.20251157443961,F
31,151.8198075425521,22.398434261878162,F
15,157.8508101646162,29.655194110358053,F
59,153.59496549144265,23.233306267346617,F
9,161.18024962811472,24.314277571359423,F
16,152.2452360877164,23.54622949504778,F
39,160.02358380165862,18.366745967083737,F
68,152.83912025610485,25.187023276947322,F
16,165.66022906110743,27.781675884353753,F
14,162.43020804972537,30.642098827457026,F
35,158.76808253131728,21.05600462269401,F
66,158.7207681174627,22.063976732679926,F
12,163.84787991847472,31.91932930954124,F
35,162.7717091889746,19.35127507811069,F
8,163.44909530201065,22.5966021862586,F
92,161.47148032045624,20.325046406923533,F
39,142.05832461204687,25.896124091416638,F
7,165.23371921829042,25.150827143281845,F
17,158.0075652534132,31.128832087611116,F
13,157.09717462810093,26.950772493517835,F
18,160.81513259177663,27.76926436705471,F
63,156.10699486602508,20.311080963773453,F
4,165.9623752811247,19.536224997136454,F
5,163.46976952013176,24.64630107085227,F
13,163.3230054551456,29.286405342377087,F
18,158.29529094714644,21.39351112576916,F
61,166.38334163211587,17.876318978371554,F
43,153.16945502812564,26.534652100980153,F
21,164.5148598700663,16.77298127059182,F
40,160.32028863047157,18.349793258999277,F
6,157.4716336114026,26.76769173801898,F
27,153.93501565461787,25.092455903864128,F
23,169.30917271082564,34.287494103835456,F
24,156.84235311644977,27.176481176610274,F
57,161.9256012678461,21.33064095317857,F
33,161.69548871169323,27.4759603648262,F
23,158.3728005359232,26.000437896251785,F
45,157.67346189188527,38.389028821204406,F
28,162.02501714978249,33.49602319783273,F
65,147.04049967307404,30.516257244683715,F
2,156.30193720429077,30.821855768713643,F
25,159.38218396169967,31.329514589199007,F
54,158.62674710629048,27.74714592942049,F
22,164.00153558751563,17.193629040628196,F
21,169.3774155325877,17.012344390136356,F
36,161.47293212010757,26.716680344861196,F
51,155.690834172192,28.038365822324096,F
38,163.2239209248718,29.515997250971225,F
32,155.59781604327947,21.28951786453284,F
44,162.62544393429158,33.56327766110016,F
61,162.86889002650082,18.760290774259804,F
38,155.4676585432077,19.713524425123175,F
14,161.15146059061576,26.794523752155932,F
36,161.04648718636682,25.07886447397647,F
24,152.93910071057934,28.66482693649926,F
1,160.68599034300377,35.018489247643075,F
33,160.17868987194905,21.140367900143175,F
69,164.35473233971766,18.198173652334027,F
33,159.9827503036625,26.38669034782818,F
6,162.9133592062876,30.79329948917495,F
14,166.2747555293287,21.726161194237612,F
2,168.51603431465483,34.406698547249746,F
70,157.76336546223763,20.62073026633107,F
10,161.75354953113415,27.658833589232664,F
19,168.5392606975009,13.645742244899,F
46,157.0469339989519,28.059464581153538,F
20,157.26883043959847,31.521356413234663,F
61,154.8841934501717,27.094161848392922,F
24,163.2790779613437,18.91393812631084,F
68,158.6041439878337,25.690286413771542,F
