Event,Sex,Age,Height,Weight,NOC
Archery Men's Individual,M,27.123100303951368,178.32370820668692,76.65653495440729,USA
Archery Men's Team,M,26.16176470588235,179.16176470588235,77.93529411764706,USA
Archery Women's Individual,F,26.09433962264151,167.0566037735849,61.7581475128645,CHN
Archery Women's Team,F,24.916666666666668,167.42333333333335,62.51,CHN
"Athletics Men's 1,500 metres",M,24.436950146627566,178.28152492668622,65.10410557184751,USA
"Athletics Men's 10,000 metres",M,26.6875,172.88194444444446,59.73871527777778,USA
Athletics Men's 100 metres,M,24.284926470588236,177.12408088235293,72.66727941176471,USA
Athletics Men's 110 metres Hurdles,M,25.03956834532374,185.55755395683454,78.08003597122303,USA
Athletics Men's 20 kilometres Walk,M,27.202435312024352,175.7412480974125,64.64535768645358,DEU
Athletics Men's 200 metres,M,24.162224797219004,179.08806488991888,73.1784472769409,USA
"Athletics Men's 3,000 metres Steeplechase",M,25.90530303030303,176.9280303030303,63.84469696969697,USA
Athletics Men's 4 x 100 metres Relay,M,24.2947932618683,178.03598774885145,72.79938744257274,DEU
Athletics Men's 4 x 400 metres Relay,M,24.098522167487683,180.99178981937604,72.42446633825944,USA
Athletics Men's 400 metres,M,24.018450184501845,180.29643296432965,71.92312423124231,USA
Athletics Men's 400 metres Hurdles,M,24.815140845070424,182.82394366197184,74.07218309859155,USA
"Athletics Men's 5,000 metres",M,25.70123839009288,174.9752321981424,61.64860681114551,USA
Athletics Men's 50 kilometres Walk,M,29.64406779661017,176.76425269645608,65.63328197226502,DEU
Athletics Men's 800 metres,M,24.0,179.41213653603035,67.55436156763591,USA
Athletics Men's Decathlon,M,25.53027139874739,187.68267223382045,85.43423799582463,DEU
Athletics Men's Discus Throw,M,27.730688935281837,192.6179540709812,114.08350730688936,DEU
Athletics Men's Hammer Throw,M,27.625,186.98863636363637,108.57727272727273,DEU
Athletics Men's High Jump,M,23.894422310756973,189.6374501992032,76.51394422310757,USA
Athletics Men's Javelin Throw,M,26.219298245614034,186.3859649122807,93.65131578947368,FIN
Athletics Men's Long Jump,M,24.566844919786096,182.49376114081997,74.75935828877006,USA
Athletics Men's Marathon,M,29.31791483113069,172.54698972099854,60.20704845814978,GBR
Athletics Men's Pole Vault,M,25.515081206496518,184.0,77.44895591647332,USA
Athletics Men's Shot Put,M,27.183333333333334,191.31428571428572,122.7202380952381,USA
Athletics Men's Triple Jump,M,25.494230769230768,183.6076923076923,75.64423076923077,USA
"Athletics Women's 1,500 metres",F,25.596153846153847,166.07451923076923,52.51682692307692,GBR
Athletics Women's 10 kilometres Walk,F,25.681818181818183,164.125,52.07954545454545,CHN
"Athletics Women's 10,000 metres",F,26.837638376383765,162.93357933579335,48.81549815498155,USA
Athletics Women's 100 metres,F,23.465561224489797,166.1734693877551,57.46619897959184,USA
Athletics Women's 100 metres Hurdles,F,25.573529411764707,169.6299019607843,60.245098039215684,USA
Athletics Women's 20 kilometres Walk,F,27.16949152542373,163.84745762711864,51.29830508474576,AUS
Athletics Women's 200 metres,F,23.696629213483146,168.25842696629215,58.105136436597114,USA
"Athletics Women's 3,000 metres",F,25.030927835051546,164.84536082474227,50.83505154639175,CAN
"Athletics Women's 3,000 metres Steeplechase",F,26.20689655172414,167.33793103448275,52.44137931034483,ETH
Athletics Women's 4 x 100 metres Relay,F,23.716483516483517,166.9923076923077,57.97802197802198,DEU
Athletics Women's 4 x 400 metres Relay,F,24.356164383561644,170.06986301369864,58.46506849315068,DEU
Athletics Women's 400 metres,F,23.827956989247312,169.5627240143369,58.261648745519715,GBR
Athletics Women's 400 metres Hurdles,F,25.366666666666667,170.89,58.82333333333333,USA
"Athletics Women's 5,000 metres",F,26.117903930131003,163.82096069868996,49.624454148471614,ETH
Athletics Women's 80 metres Hurdles,F,23.31764705882353,167.8235294117647,60.258823529411764,RUS
Athletics Women's 800 metres,F,24.552,167.872,55.482,USA
Athletics Women's Discus Throw,F,27.259541984732824,178.323155216285,86.08396946564885,DEU
Athletics Women's Hammer Throw,F,25.435233160621763,175.00518134715026,85.49222797927462,USA
Athletics Women's Heptathlon,F,25.584192439862544,175.36769759450172,64.54982817869416,DEU
Athletics Women's High Jump,F,23.87938596491228,177.87938596491227,61.39254385964912,USA
Athletics Women's Javelin Throw,F,25.72463768115942,172.82367149758454,71.46256038647343,DEU
Athletics Women's Long Jump,F,24.88050314465409,171.22012578616352,60.0125786163522,USA
Athletics Women's Marathon,F,30.087791495198903,162.63374485596708,49.2400548696845,ITA
Athletics Women's Pentathlon,F,23.853448275862068,172.92241379310346,64.28448275862068,DEU
Athletics Women's Pole Vault,F,25.588571428571427,170.65714285714284,59.48571428571429,USA
Athletics Women's Shot Put,F,26.29080118694362,177.7893175074184,91.58902077151335,DEU
Athletics Women's Triple Jump,F,26.195979899497488,174.42713567839195,60.92462311557789,RUS
Badminton Men's Doubles,M,26.70242214532872,179.61245674740485,75.0432525951557,IDN
Badminton Men's Singles,M,25.61754385964912,179.29473684210527,72.93859649122807,CHN
Badminton Mixed Doubles,F,26.491666666666667,169.33333333333334,61.958333333333336,CHN
Badminton Mixed Doubles,M,27.265625,180.46875,75.99609375,CHN
Badminton Women's Doubles,F,25.255555555555556,168.27777777777777,62.10740740740741,CHN
Badminton Women's Singles,F,24.57037037037037,168.24444444444444,60.9,CHN
Baseball Men's Baseball,M,26.3096926713948,182.59929078014184,85.71808510638297,JPN
Basketball Men's Basketball,M,25.60903284671533,196.0410583941606,92.36587591240875,USA
Basketball Women's Basketball,F,25.666951323654995,182.5072587532024,73.70794192997438,USA
Beach Volleyball Men's Beach Volleyball,M,29.974358974358974,193.28937728937728,89.51282051282051,BRA
Beach Volleyball Women's Beach Volleyball,F,28.27169811320755,178.90188679245284,68.35094339622641,AUS
Boxing Men's Bantamweight,M,22.80787037037037,166.3125,54.407407407407405,RUS
Boxing Men's Featherweight,M,22.17902813299233,168.72890025575447,57.234015345268546,DEU
Boxing Men's Flyweight,M,22.686075949367087,163.66835443037974,51.30632911392405,USA
Boxing Men's Heavyweight,M,24.506382978723405,186.81702127659574,90.51702127659574,DEU
Boxing Men's Light-Flyweight,M,22.565217391304348,161.42546583850933,48.7888198757764,PHL
Boxing Men's Light-Heavyweight,M,24.548780487804876,182.4359756097561,80.7530487804878,DEU
Boxing Men's Light-Middleweight,M,23.5,176.85714285714286,71.0875,DEU
Boxing Men's Light-Welterweight,M,23.06367924528302,173.05188679245282,63.69221698113208,DEU
Boxing Men's Lightweight,M,23.138173302107727,170.21779859484778,60.18384074941452,USA
Boxing Men's Middleweight,M,23.893175074183976,179.49554896142433,74.99554896142433,DEU
Boxing Men's Super-Heavyweight,M,24.96875,190.25,99.27734375,DEU
Boxing Men's Welterweight,M,23.36829836829837,174.96969696969697,67.3951048951049,DEU
Boxing Women's Flyweight,F,27.523809523809526,162.0,50.95238095238095,BGR
Boxing Women's Lightweight,F,26.68421052631579,167.78947368421052,60.0,BRA
Boxing Women's Middleweight,F,25.894736842105264,176.94736842105263,75.10526315789474,BRA
"Canoeing Men's Canadian Doubles, 1,000 metres",M,24.956410256410255,179.02820512820512,78.3076923076923,DEU
"Canoeing Men's Canadian Doubles, 500 metres",M,25.505836575875488,179.67315175097275,79.6692607003891,DEU
"Canoeing Men's Canadian Doubles, Slalom",M,26.3542600896861,176.65470852017938,72.60986547085201,DEU
"Canoeing Men's Canadian Singles, 1,000 metres",M,25.356828193832598,181.22907488986783,81.7136563876652,DEU
"Canoeing Men's Canadian Singles, 200 metres",M,25.34,182.68,85.02,AUS
"Canoeing Men's Canadian Singles, 500 metres",M,25.125874125874127,181.34265734265733,82.67832167832168,DEU
"Canoeing Men's Canadian Singles, Slalom",M,25.21472392638037,179.07361963190183,73.97546012269939,DEU
"Canoeing Men's Kayak Doubles, 1,000 metres",M,25.564575645756456,182.0239852398524,80.2859778597786,DEU
"Canoeing Men's Kayak Doubles, 200 metres",M,26.942307692307693,183.09615384615384,85.32692307692308,AUS
"Canoeing Men's Kayak Doubles, 500 metres",M,25.0,183.05464480874318,82.57650273224044,DEU
"Canoeing Men's Kayak Fours, 1,000 metres",M,25.224787363304984,183.59416767922235,82.4823815309842,DEU
Canoeing Men's Kayak Relay 4 x 500 metres,M,25.78082191780822,177.0,75.1917808219178,FRA
"Canoeing Men's Kayak Singles, 1,000 metres",M,25.624615384615385,182.6,81.34461538461538,DEU
"Canoeing Men's Kayak Singles, 200 metres",M,27.61904761904762,183.52380952380952,87.26190476190476,AUS
"Canoeing Men's Kayak Singles, 500 metres",M,25.341346153846153,183.72115384615384,83.32211538461539,DEU
"Canoeing Men's Kayak Singles, Slalom",M,25.719298245614034,177.85526315789474,72.8859649122807,DEU
"Canoeing Women's Kayak Doubles, 500 metres",F,24.8775,169.475,65.105,DEU
"Canoeing Women's Kayak Fours, 500 metres",F,25.01496259351621,171.09476309226932,66.44389027431421,DEU
"Canoeing Women's Kayak Singles, 200 metres",F,27.545454545454547,169.05454545454546,65.41818181818182,CAN
"Canoeing Women's Kayak Singles, 500 metres",F,25.637096774193548,169.63709677419354,65.37096774193549,DEU
"Canoeing Women's Kayak Singles, Slalom",F,25.730538922155688,166.79640718562874,59.74850299401198,DEU
"Cycling Men's 1,000 metres Time Trial",M,23.291666666666668,178.12847222222223,76.49826388888889,DEU
Cycling Men's 100 kilometres Team Time Trial,M,23.596907216494845,176.880412371134,70.56134020618556,DEU
Cycling Men's BMX,M,23.91578947368421,180.54736842105262,82.92631578947369,AUS
"Cycling Men's Individual Pursuit, 4,000 metres",M,23.54054054054054,180.28957528957528,73.8050193050193,DEU
Cycling Men's Individual Time Trial,M,28.450892857142858,180.76339285714286,70.59821428571429,DEU
Cycling Men's Keirin,M,26.63063063063063,179.64864864864865,84.8018018018018,DEU
Cycling Men's Madison,M,28.50526315789474,180.62105263157895,73.42105263157895,ARG
"Cycling Men's Mountainbike, Cross-Country",M,27.595744680851062,177.20567375886526,67.30496453900709,CHE
Cycling Men's Omnium,M,25.5,179.33333333333334,73.08333333333333,AUS
Cycling Men's Points Race,M,25.797029702970296,177.2128712871287,70.52970297029702,DEU
"Cycling Men's Road Race, Individual",M,25.43026121241991,176.90389354361756,69.28807294233613,DEU
Cycling Men's Sprint,M,23.828282828282827,177.32828282828282,78.02525252525253,DEU
"Cycling Men's Tandem Sprint, 2,000 metres",M,23.333333333333332,174.43809523809523,72.84761904761905,DEU
"Cycling Men's Team Pursuit, 4,000 metres",M,23.23548387096774,179.90430107526882,73.44086021505376,DEU
Cycling Men's Team Sprint,M,25.91764705882353,179.5705882352941,84.82941176470588,AUS
Cycling Women's 500 metres Time Trial,F,25.655172413793103,168.86206896551724,68.58620689655173,AUS
Cycling Women's BMX,F,22.958333333333332,165.89583333333334,64.375,AUS
"Cycling Women's Individual Pursuit, 3,000 metres",F,27.4,169.38333333333333,61.166666666666664,AUS
Cycling Women's Individual Time Trial,F,29.431654676258994,168.83453237410072,57.597122302158276,CAN
Cycling Women's Keirin,F,25.844444444444445,166.6888888888889,65.68888888888888,AUS
"Cycling Women's Mountainbike, Cross-Country",F,28.46820809248555,166.67630057803467,54.90173410404624,CAN
Cycling Women's Omnium,F,26.805555555555557,168.47222222222223,61.583333333333336,AUS
Cycling Women's Points Race,F,26.68831168831169,168.7012987012987,61.064935064935064,AUS
"Cycling Women's Road Race, Individual",F,26.91106719367589,168.01383399209487,57.537549407114625,DEU
Cycling Women's Sprint,F,25.24137931034483,167.24137931034483,66.45689655172414,RUS
Cycling Women's Team Pursuit,F,25.253521126760564,171.35211267605635,63.647887323943664,AUS
Cycling Women's Team Sprint,F,25.68421052631579,166.8684210526316,65.86842105263158,AUS
Diving Men's Platform,M,22.07600950118765,170.98812351543944,65.47743467933492,DEU
Diving Men's Springboard,M,23.043478260869566,172.33638443935928,68.41762013729978,DEU
Diving Men's Synchronized Platform,M,22.8125,171.25,65.2375,CHN
Diving Men's Synchronized Springboard,M,24.95,172.525,69.3875,CHN
Diving Women's Platform,F,21.205333333333332,160.624,52.717333333333336,DEU
Diving Women's Springboard,F,21.629722921914357,162.13853904282115,54.785894206549116,DEU
Diving Women's Synchronized Platform,F,21.45,159.3125,50.7375,CAN
Diving Women's Synchronized Springboard,F,23.8,162.45,54.8,AUS
"Equestrianism Men's Three-Day Event, Individual",M,31.87142857142857,175.35714285714286,69.17142857142858,ARG
"Equestrianism Men's Three-Day Event, Team",M,31.855072463768117,175.34782608695653,69.08695652173913,ARG
"Equestrianism Mixed Dressage, Individual",F,36.26162790697674,168.39825581395348,59.32848837209303,CAN
"Equestrianism Mixed Dressage, Individual",M,39.417840375586856,177.99530516431926,72.55868544600939,DEU
"Equestrianism Mixed Dressage, Team",F,36.67307692307692,168.7423076923077,59.33846153846154,CAN
"Equestrianism Mixed Dressage, Team",M,39.455089820359284,178.80838323353294,73.26347305389221,DEU
"Equestrianism Mixed Jumping, Individual",F,31.560747663551403,166.82242990654206,56.33644859813084,USA
"Equestrianism Mixed Jumping, Individual",M,34.28035043804756,176.54693366708386,71.48560700876095,DEU
"Equestrianism Mixed Jumping, Team",F,31.396039603960396,166.9108910891089,56.554455445544555,USA
"Equestrianism Mixed Jumping, Team",M,34.12742382271468,176.42659279778394,71.4854570637119,DEU
"Equestrianism Mixed Three-Day Event, Individual",F,31.976608187134502,166.96491228070175,58.21052631578947,GBR
"Equestrianism Mixed Three-Day Event, Individual",M,32.75085324232082,176.61433447098977,70.02559726962457,DEU
"Equestrianism Mixed Three-Day Event, Team",F,31.796296296296298,167.61111111111111,58.839506172839506,GBR
"Equestrianism Mixed Three-Day Event, Team",M,32.917857142857144,176.7982142857143,70.13928571428572,DEU
"Fencing Men's Foil, Individual",M,25.80394922425952,178.9971791255289,73.49083215796897,DEU
"Fencing Men's Foil, Team",M,26.104827586206895,178.67172413793102,73.0648275862069,DEU
"Fencing Men's Sabre, Individual",M,27.29459901800327,179.88216039279868,76.00981996726678,ITA
"Fencing Men's Sabre, Team",M,27.633281972265024,179.59013867488443,75.61633281972264,ITA
"Fencing Men's epee, Individual",M,27.516414141414142,182.9090909090909,77.18434343434343,FRA
"Fencing Men's epee, Team",M,27.393939393939394,182.94405594405595,76.67191142191142,FRA
"Fencing Women's Foil, Individual",F,26.039383561643834,167.30479452054794,59.43150684931507,ITA
"Fencing Women's Foil, Team",F,25.8135593220339,167.55593220338983,59.62881355932203,ITA
"Fencing Women's Sabre, Individual",F,25.022900763358777,169.77862595419847,62.18320610687023,USA
"Fencing Women's Sabre, Team",F,25.316666666666666,169.88333333333333,63.0,FRA
"Fencing Women's epee, Individual",F,26.911214953271028,173.34112149532712,63.18457943925234,RUS
"Fencing Women's epee, Team",F,26.930379746835442,173.54430379746836,63.424050632911396,RUS
Football Men's Football,M,23.094646271510516,177.8272785213512,73.18706182281709,BRA
Football Women's Football,F,24.915650406504064,167.6819105691057,60.925813008130085,BRA
Golf Men's Individual,M,32.15094339622642,179.32075471698113,79.24528301886792,USA
Golf Women's Individual,F,27.10909090909091,168.96363636363637,63.43636363636364,KOR
Gymnastics Men's Floor Exercise,M,23.58966327329679,167.51683633516052,63.13390759592796,DEU
Gymnastics Men's Horizontal Bar,M,23.689709347996857,167.6779261586803,63.252160251374704,DEU
Gymnastics Men's Horse Vault,M,23.590868397493285,167.455684870188,63.11459265890779,DEU
Gymnastics Men's Individual All-Around,M,23.672080433101314,167.5119876256767,63.11136890951276,DEU
Gymnastics Men's Parallel Bars,M,23.694901960784314,167.57647058823528,63.07843137254902,DEU
Gymnastics Men's Pommelled Horse,M,23.688434303697875,167.6955153422502,63.14791502753737,DEU
Gymnastics Men's Rings,M,23.69126984126984,167.43571428571428,63.12301587301587,DEU
Gymnastics Men's Team All-Around,M,23.73556797020484,167.32122905027933,62.814245810055866,DEU
Gymnastics Women's Balance Beam,F,18.637309847878303,156.01200960768614,47.51441152922338,DEU
Gymnastics Women's Floor Exercise,F,18.600803212851407,156.03614457831324,47.50803212851405,DEU
Gymnastics Women's Horse Vault,F,18.523854069223574,156.20299345182414,47.481290926099156,DEU
Gymnastics Women's Individual All-Around,F,18.53142402545744,155.8552108194113,47.32338902147971,DEU
Gymnastics Women's Team All-Around,F,18.493203883495145,155.5097087378641,46.88398058252427,DEU
Gymnastics Women's Uneven Bars,F,18.573141486810552,155.9584332533973,47.42565947242206,DEU
Handball Men's Handball,M,26.836558044806516,188.94144602851324,89.5,DEU
Handball Women's Handball,F,26.06456820016142,174.81194511702986,68.87409200968523,KOR
Hockey Men's Hockey,M,25.756317689530686,176.8783393501805,73.34765342960289,ESP
Hockey Women's Hockey,F,25.407913669064747,166.21007194244604,60.53093525179856,DEU
Judo Men's Extra-Lightweight,M,24.424657534246574,165.65068493150685,61.0513698630137,FRA
Judo Men's Half-Heavyweight,M,26.29936305732484,184.7388535031847,97.14331210191082,DEU
Judo Men's Half-Lightweight,M,24.96551724137931,169.52758620689656,66.61206896551724,FRA
Judo Men's Half-Middleweight,M,25.091428571428573,177.43714285714285,79.21142857142857,DEU
Judo Men's Heavyweight,M,26.83219178082192,189.25342465753425,120.69349315068493,DEU
Judo Men's Lightweight,M,24.81767955801105,172.59668508287294,71.13812154696133,DEU
Judo Men's Middleweight,M,25.651810584958216,180.49303621169918,86.60724233983287,DEU
Judo Men's Open Class,M,26.270588235294117,186.2235294117647,104.37647058823529,DEU
Judo Women's Extra-Lightweight,F,24.197183098591548,156.51408450704224,48.96830985915493,CUB
Judo Women's Half-Heavyweight,F,25.428571428571427,173.02255639097746,76.09398496240601,DEU
Judo Women's Half-Lightweight,F,24.689655172413794,159.51724137931035,52.6551724137931,CHN
Judo Women's Half-Middleweight,F,25.45751633986928,166.2549019607843,63.071895424836605,CHN
Judo Women's Heavyweight,F,26.34108527131783,175.65116279069767,106.10077519379846,CHN
Judo Women's Lightweight,F,25.66216216216216,162.6283783783784,57.310810810810814,FRA
Judo Women's Middleweight,F,25.438356164383563,171.35616438356163,70.06506849315069,CHN
Modern Pentathlon Men's Individual,M,26.2921875,179.7234375,72.4171875,HUN
Modern Pentathlon Men's Team,M,26.17617866004963,178.92307692307693,71.74441687344913,DEU
Modern Pentathlon Women's Individual,F,25.524390243902438,170.0731707317073,58.3109756097561,GBR
Rhythmic Gymnastics Women's Group,F,18.53972602739726,168.95890410958904,49.534246575342465,BGR
Rhythmic Gymnastics Women's Individual,F,19.23170731707317,166.17073170731706,47.63414634146341,BGR
Rowing Men's Coxed Eights,M,25.197268588770864,188.03793626707133,85.22761760242793,DEU
Rowing Men's Coxed Fours,M,24.713028169014084,183.95950704225353,80.9419014084507,DEU
Rowing Men's Coxed Pairs,M,24.760526315789473,180.89736842105262,76.72631578947369,DEU
Rowing Men's Coxless Fours,M,25.470588235294116,189.95118898623278,88.55819774718398,DEU
Rowing Men's Coxless Pairs,M,25.52607709750567,190.05215419501133,87.61791383219955,DEU
Rowing Men's Double Sculls,M,25.653937947494033,189.06443914081146,87.3400954653938,DEU
Rowing Men's Lightweight Coxless Fours,M,27.21875,183.859375,71.98125,DEU
Rowing Men's Lightweight Double Sculls,M,26.5,181.13362068965517,71.73706896551724,ITA
Rowing Men's Quadruple Sculls,M,25.737240075614366,190.88846880907371,90.3875236294896,DEU
Rowing Men's Single Sculls,M,25.916666666666668,188.40384615384616,87.27724358974359,DEU
Rowing Women's Coxed Eights,F,25.412280701754387,177.7719298245614,71.50146198830409,DEU
Rowing Women's Coxed Fours,F,23.623529411764707,173.3764705882353,67.63529411764706,ROU
Rowing Women's Coxed Quadruple Sculls,F,23.796610169491526,171.28813559322035,64.82203389830508,DEU
Rowing Women's Coxless Fours,F,24.483870967741936,179.03225806451613,73.58064516129032,BGR
Rowing Women's Coxless Pairs,F,25.286363636363635,179.29090909090908,73.24545454545455,DEU
Rowing Women's Double Sculls,F,25.579908675799086,178.2648401826484,72.20091324200914,DEU
Rowing Women's Lightweight Double Sculls,F,26.37864077669903,171.0,58.44660194174757,CAN
Rowing Women's Quadruple Sculls,F,26.115671641791046,179.8955223880597,74.03731343283582,DEU
Rowing Women's Single Sculls,F,26.320388349514563,176.44660194174756,70.94174757281553,DEU
Rugby Sevens Men's Rugby Sevens,M,25.980132450331126,182.83443708609272,91.00662251655629,ARG
Rugby Sevens Women's Rugby Sevens,F,26.184931506849313,167.63698630136986,66.5958904109589,BRA
Sailing Men's One Person Dinghy,M,27.74137931034483,184.58620689655172,86.87068965517241,NZL
Sailing Men's One Person Heavyweight Dinghy,M,29.72340425531915,189.63829787234042,96.08510638297872,AUS
Sailing Men's Skiff,M,28.17948717948718,181.7948717948718,78.24358974358974,AUS
Sailing Men's Two Person Dinghy,M,27.187214611872147,177.70091324200914,68.20205479452055,CHE
Sailing Men's Two Person Keelboat,M,34.989583333333336,186.79166666666666,96.53125,BRA
Sailing Men's Windsurfer,M,26.04332129963899,178.66425992779784,70.5740072202166,ARG
Sailing Mixed 5.5 metres,M,35.268115942028984,178.2826086956522,78.01811594202898,DEU
Sailing Mixed Multihull,F,27.46153846153846,170.23076923076923,63.84615384615385,DNK
Sailing Mixed Multihull,M,31.15081967213115,178.87868852459016,73.51475409836065,AUT
Sailing Mixed One Person Dinghy,M,27.90983606557377,181.68579234972677,83.5327868852459,BRA
Sailing Mixed Skiff,M,28.754545454545454,180.35454545454544,75.33636363636364,AUS
Sailing Mixed Three Person Keelboat,F,41.0,160.0,57.0,CAN
Sailing Mixed Three Person Keelboat,M,32.73937677053824,179.89801699716713,81.22379603399433,DEU
Sailing Mixed Two Person Dinghy,F,29.0,158.5,52.0,COL
Sailing Mixed Two Person Dinghy,M,24.611940298507463,175.63432835820896,68.42164179104478,BRA
Sailing Mixed Two Person Heavyweight Dinghy,M,28.688144329896907,179.87886597938143,77.95876288659794,DEU
Sailing Mixed Two Person Keelboat,F,48.0,168.0,65.0,GBR
Sailing Mixed Two Person Keelboat,M,32.92822966507177,182.64114832535884,87.41267942583733,DEU
Sailing Mixed Windsurfer,M,23.35135135135135,174.72972972972974,65.89189189189189,ARG
Sailing Women's One Person Dinghy,F,24.915422885572138,170.17910447761193,65.34328358208955,NZL
Sailing Women's Skiff,F,25.289473684210527,168.81578947368422,64.07894736842105,ARG
Sailing Women's Three Person Keelboat,F,28.82170542635659,169.31782945736435,65.6046511627907,AUS
Sailing Women's Two Person Dinghy,F,26.45819397993311,169.81270903010034,61.94648829431438,DEU
Sailing Women's Windsurfer,F,27.46242774566474,168.6184971098266,58.809248554913296,BRA
"Shooting Men's Air Pistol, 10 metres",M,33.982608695652175,176.35652173913044,79.98260869565217,CHN
"Shooting Men's Air Rifle, 10 metres",M,28.919117647058822,176.84558823529412,75.2953431372549,DEU
Shooting Men's Double Trap,M,32.95070422535211,180.1056338028169,86.15492957746478,USA
"Shooting Men's Free Pistol, 50 metres",M,34.906444906444904,175.23908523908523,78.45114345114345,DEU
"Shooting Men's Free Rifle, Three Positions, 300 metres",M,32.15873015873016,172.95238095238096,73.12698412698413,CHE
"Shooting Men's Rapid-Fire Pistol, 25 metres",M,33.86666666666667,175.23636363636365,76.9969696969697,DEU
"Shooting Men's Running Target, 10 metres",M,27.746478873239436,178.8732394366197,78.85915492957747,CHN
"Shooting Men's Running Target, 50 metres",M,27.41304347826087,177.7608695652174,77.8913043478261,CHN
Shooting Men's Skeet,M,33.16872427983539,177.0411522633745,83.52674897119341,ITA
"Shooting Men's Small-Bore Rifle, Prone, 50 metres",M,32.79396984924623,176.44053601340033,76.53601340033501,DEU
"Shooting Men's Small-Bore Rifle, Three Positions, 50 metres",M,31.128458498023715,176.75691699604744,76.6600790513834,DEU
Shooting Men's Trap,M,35.71940298507463,178.2776119402985,86.39701492537313,ITA
"Shooting Mixed Free Pistol, 50 metres",F,32.5,160.0,61.0,BEL
"Shooting Mixed Free Pistol, 50 metres",M,34.43,172.92,73.815,DEU
"Shooting Mixed Free Rifle, Three Positions, 300 metres",M,29.714285714285715,175.15873015873015,73.7936507936508,DEU
"Shooting Mixed Rapid-Fire Pistol, 25 metres",M,33.783251231527096,174.6551724137931,75.64532019704434,DEU
"Shooting Mixed Running Target, 50 metres",M,29.5,178.20833333333334,78.13194444444444,DEU
Shooting Mixed Skeet,F,30.8125,167.1875,63.9375,MEX
Shooting Mixed Skeet,M,32.35579514824798,176.69272237196765,77.7277628032345,DEU
"Shooting Mixed Small-Bore Rifle, Prone, 50 metres",F,31.5,167.6,66.8,BEL
"Shooting Mixed Small-Bore Rifle, Prone, 50 metres",M,33.83838383838384,173.9023569023569,73.25589225589225,DEU
"Shooting Mixed Small-Bore Rifle, Three Positions, 50 metres",F,23.4,167.6,68.4,BGR
"Shooting Mixed Small-Bore Rifle, Three Positions, 50 metres",M,31.672897196261683,174.5373831775701,73.18691588785046,DEU
Shooting Mixed Trap,F,29.0,170.55555555555554,68.33333333333333,CAN
Shooting Mixed Trap,M,34.38343558282209,176.43558282208588,80.44478527607362,ITA
"Shooting Women's Air Pistol, 10 metres",F,30.67484662576687,164.63803680981596,61.70552147239264,CHN
"Shooting Women's Air Rifle, 10 metres",F,26.32994923857868,164.06091370558374,58.46954314720812,DEU
Shooting Women's Double Trap,F,30.80392156862745,168.11764705882354,66.68627450980392,AUS
Shooting Women's Skeet,F,31.74390243902439,166.28048780487805,65.09756097560975,USA
"Shooting Women's Small-Bore Rifle, Three Positions, 50 metres",F,27.36,164.20615384615385,59.32,DEU
"Shooting Women's Sporting Pistol, 25 metres",F,31.093939393939394,164.62727272727273,61.22727272727273,CHN
Shooting Women's Trap,F,33.364583333333336,168.3125,67.53645833333333,AUS
Softball Women's Softball,F,26.22902494331066,169.42857142857142,67.47165532879819,AUS
"Swimming Men's 1,500 metres Freestyle",M,20.17633410672854,182.4385150812065,74.78538283062645,USA
Swimming Men's 10 kilometres Open Water,M,25.87837837837838,182.44594594594594,76.95945945945945,RUS
Swimming Men's 100 metres Backstroke,M,21.005545286506468,184.8022181146026,77.16081330868762,DEU
Swimming Men's 100 metres Breaststroke,M,21.98090277777778,183.51388888888889,77.83159722222223,DEU
Swimming Men's 100 metres Butterfly,M,21.8578856152513,183.25129982668977,77.47227036395147,DEU
Swimming Men's 100 metres Freestyle,M,21.640449438202246,185.67540574282148,79.4019975031211,DEU
Swimming Men's 200 metres Backstroke,M,20.81578947368421,184.36622807017545,76.4298245614035,USA
Swimming Men's 200 metres Breaststroke,M,21.56987295825771,182.18330308529946,76.61887477313975,USA
Swimming Men's 200 metres Butterfly,M,20.983367983367984,181.04158004158003,75.03326403326403,USA
Swimming Men's 200 metres Freestyle,M,20.98141891891892,185.83783783783784,79.07516891891892,DEU
Swimming Men's 200 metres Individual Medley,M,21.554603854389722,183.78372591006425,77.35117773019272,DEU
Swimming Men's 4 x 100 metres Freestyle Relay,M,22.34526558891455,187.66859122401848,81.36836027713626,USA
Swimming Men's 4 x 100 metres Medley Relay,M,21.658536585365855,184.9834494773519,79.15766550522648,USA
Swimming Men's 4 x 200 metres Freestyle Relay,M,21.393908629441626,185.72893401015227,78.91319796954315,DEU
Swimming Men's 400 metres Freestyle,M,20.494565217391305,183.39492753623188,76.6820652173913,DEU
Swimming Men's 400 metres Individual Medley,M,20.75121951219512,182.68048780487806,75.42926829268292,USA
Swimming Men's 50 metres Freestyle,M,22.912175648702593,186.42914171656687,80.02994011976048,USA
Swimming Women's 10 kilometres Open Water,F,23.893333333333334,170.22666666666666,61.16,BRA
Swimming Women's 100 metres Backstroke,F,19.015122873345934,172.21361058601136,61.82514177693762,DEU
Swimming Women's 100 metres Breaststroke,F,19.534552845528456,169.9979674796748,60.40548780487805,DEU
Swimming Women's 100 metres Butterfly,F,19.69811320754717,169.46415094339622,60.429245283018865,DEU
Swimming Women's 100 metres Freestyle,F,19.396656534954406,171.6595744680851,61.82142857142857,DEU
Swimming Women's 200 metres Backstroke,F,18.964194373401533,172.74168797953965,61.88618925831202,DEU
Swimming Women's 200 metres Breaststroke,F,19.23109243697479,169.9327731092437,60.6313025210084,DEU
Swimming Women's 200 metres Butterfly,F,19.478632478632477,168.94871794871796,59.7022792022792,AUS
Swimming Women's 200 metres Freestyle,F,19.23695652173913,172.54565217391306,61.86304347826087,DEU
Swimming Women's 200 metres Individual Medley,F,19.738341968911918,170.84715025906735,60.909326424870464,DEU
Swimming Women's 4 x 100 metres Freestyle Relay,F,19.787845303867403,173.14917127071823,62.67237569060774,USA
Swimming Women's 4 x 100 metres Medley Relay,F,19.665346534653466,172.0089108910891,61.935148514851484,USA
Swimming Women's 4 x 200 metres Freestyle Relay,F,20.76027397260274,174.90182648401827,63.64383561643836,USA
Swimming Women's 400 metres Freestyle,F,18.713004484304932,170.95515695067266,60.610986547085204,AUS
Swimming Women's 400 metres Individual Medley,F,19.170666666666666,169.856,60.157333333333334,DEU
Swimming Women's 50 metres Freestyle,F,20.866935483870968,172.34274193548387,62.58165322580645,DEU
Swimming Women's 800 metres Freestyle,F,18.73780487804878,171.15548780487805,60.47560975609756,AUS
Synchronized Swimming Women's Duet,F,22.54517133956386,168.7196261682243,55.58878504672897,CAN
Synchronized Swimming Women's Solo,F,20.784,167.816,55.528,CAN
Synchronized Swimming Women's Team,F,22.965260545905707,168.51612903225808,56.1712158808933,RUS
Table Tennis Men's Doubles,M,26.572953736654803,176.34875444839858,70.51245551601423,CHN
Table Tennis Men's Singles,M,27.491803278688526,177.16803278688525,71.67418032786885,CHN
Table Tennis Men's Team,M,27.88888888888889,177.52777777777777,71.70833333333333,AUS
Table Tennis Women's Doubles,F,25.117886178861788,164.95934959349594,58.01219512195122,CHN
Table Tennis Women's Singles,F,26.334056399132322,165.05422993492408,58.140997830802604,CHN
Table Tennis Women's Team,F,26.26896551724138,165.04827586206898,57.19310344827586,KOR
Taekwondo Men's Featherweight,M,23.776315789473685,179.0921052631579,68.10526315789474,KOR
Taekwondo Men's Flyweight,M,23.051948051948052,173.75324675324674,58.84415584415584,ESP
Taekwondo Men's Heavyweight,M,26.30666666666667,191.37333333333333,92.24,KOR
Taekwondo Men's Welterweight,M,25.641025641025642,185.60256410256412,79.73076923076923,IRN
Taekwondo Women's Featherweight,F,23.301369863013697,168.6986301369863,57.034246575342465,EGY
Taekwondo Women's Flyweight,F,22.383561643835616,164.06849315068493,49.54794520547945,TPE
Taekwondo Women's Heavyweight,F,24.04225352112676,176.81690140845072,72.17605633802818,CHN
Taekwondo Women's Welterweight,F,24.068493150684933,173.65753424657535,66.18493150684931,AUS
Tennis Men's Doubles,M,26.532494758909852,185.1320754716981,79.19496855345912,ESP
Tennis Men's Singles,M,25.169322709163346,184.8386454183267,78.38645418326693,ESP
Tennis Mixed Doubles,F,27.0,174.51612903225808,63.774193548387096,USA
Tennis Mixed Doubles,M,31.483870967741936,188.1290322580645,82.93548387096774,USA
Tennis Women's Doubles,F,24.473094170403588,172.36322869955157,62.10313901345292,USA
Tennis Women's Singles,F,23.59259259259259,172.32921810699588,61.97942386831276,CZE
Trampolining Men's Individual,M,24.7972972972973,171.45945945945945,65.83783783783784,RUS
Trampolining Women's Individual,F,25.533333333333335,161.73333333333332,52.89333333333333,CAN
Triathlon Men's Olympic Distance,M,27.852272727272727,180.1969696969697,68.79545454545455,FRA
Triathlon Women's Olympic Distance,F,27.946360153256705,166.97318007662835,54.724137931034484,AUS
Volleyball Men's Volleyball,M,25.87909604519774,193.26553672316385,86.93333333333334,BRA
Volleyball Women's Volleyball,F,24.48494983277592,179.49498327759198,69.33377926421404,JPN
Water Polo Men's Water Polo,M,25.861717612809315,187.12081513828238,87.64143619602135,ITA
Water Polo Women's Water Polo,F,25.16188524590164,175.56352459016392,70.18032786885246,AUS
Weightlifting Men's Bantamweight,M,24.87544483985765,157.4982206405694,56.38612099644128,JPN
Weightlifting Men's Featherweight,M,25.5,160.54744525547446,61.2043795620438,JPN
Weightlifting Men's Flyweight,M,24.796747967479675,155.3658536585366,53.36178861788618,JPN
Weightlifting Men's Heavyweight,M,26.47938144329897,179.72164948453607,109.95103092783505,RUS
Weightlifting Men's Heavyweight I,M,25.49367088607595,176.7594936708861,99.82911392405063,CZE
Weightlifting Men's Heavyweight II,M,26.08,180.66666666666666,108.53333333333333,DEU
Weightlifting Men's Light-Heavyweight,M,25.678321678321677,171.65734265734267,83.57517482517483,GBR
Weightlifting Men's Lightweight,M,25.16887417218543,164.7814569536424,68.44370860927152,JPN
Weightlifting Men's Middle-Heavyweight,M,25.561461794019934,174.58803986710964,91.44352159468438,RUS
Weightlifting Men's Middleweight,M,24.829710144927535,168.981884057971,76.07427536231884,DEU
Weightlifting Men's Super-Heavyweight,M,26.74175824175824,184.4835164835165,136.3543956043956,DEU
Weightlifting Women's Featherweight,F,24.275862068965516,155.60344827586206,53.0,IDN
Weightlifting Women's Flyweight,F,24.106060606060606,150.53030303030303,48.196969696969695,JPN
Weightlifting Women's Heavyweight,F,24.238805970149254,165.97014925373134,75.3955223880597,RUS
Weightlifting Women's Light-Heavyweight,F,23.647058823529413,162.55882352941177,68.91911764705883,BLR
Weightlifting Women's Lightweight,F,24.025641025641026,157.48717948717947,58.02564102564103,THA
Weightlifting Women's Middleweight,F,24.4,161.15,63.05833333333333,KAZ
Weightlifting Women's Super-Heavyweight,F,23.634920634920636,170.28571428571428,108.93650793650794,KOR
"Wrestling Men's Bantamweight, Freestyle",M,24.791044776119403,164.09452736318408,58.1865671641791,JPN
"Wrestling Men's Bantamweight, Greco-Roman",M,25.158653846153847,164.05769230769232,58.11538461538461,DEU
"Wrestling Men's Featherweight, Freestyle",M,24.85472972972973,166.05743243243242,61.682432432432435,USA
"Wrestling Men's Featherweight, Greco-Roman",M,25.418772563176894,165.4765342960289,61.518050541516246,USA
"Wrestling Men's Flyweight, Freestyle",M,24.05945945945946,160.4162162162162,53.432432432432435,DEU
"Wrestling Men's Flyweight, Greco-Roman",M,24.4,159.93125,53.475,ROU
"Wrestling Men's Heavyweight, Freestyle",M,27.213709677419356,183.3548387096774,99.86693548387096,DEU
"Wrestling Men's Heavyweight, Greco-Roman",M,26.86725663716814,184.9070796460177,100.96460176991151,BGR
"Wrestling Men's Light-Flyweight, Freestyle",M,23.73404255319149,156.35106382978722,49.776595744680854,DEU
"Wrestling Men's Light-Flyweight, Greco-Roman",M,23.980582524271846,157.2621359223301,49.96116504854369,DEU
"Wrestling Men's Light-Heavyweight, Freestyle",M,26.141304347826086,179.92753623188406,89.5072463768116,DEU
"Wrestling Men's Light-Heavyweight, Greco-Roman",M,26.45136186770428,181.49027237354085,89.32295719844358,DEU
"Wrestling Men's Lightweight, Freestyle",M,25.189003436426116,169.68041237113403,67.393470790378,DEU
"Wrestling Men's Lightweight, Greco-Roman",M,25.568265682656826,169.77121771217713,67.25645756457564,JPN
"Wrestling Men's Middleweight, Freestyle",M,25.943661971830984,176.53521126760563,81.01232394366197,BGR
"Wrestling Men's Middleweight, Greco-Roman",M,26.082089552238806,177.13059701492537,80.77425373134328,DEU
"Wrestling Men's Super-Heavyweight, Freestyle",M,26.756613756613756,187.3862433862434,118.75661375661376,DEU
"Wrestling Men's Super-Heavyweight, Greco-Roman",M,26.736263736263737,188.97252747252747,122.17582417582418,USA
"Wrestling Men's Welterweight, Freestyle",M,25.66778523489933,172.88590604026845,72.6241610738255,CAN
"Wrestling Men's Welterweight, Greco-Roman",M,25.98168498168498,173.0952380952381,73.17216117216117,DEU
"Wrestling Women's Featherweight, Freestyle",F,26.0,162.47368421052633,54.21052631578947,AZE
"Wrestling Women's Flyweight, Freestyle",F,24.897058823529413,156.01470588235293,48.661764705882355,CAN
"Wrestling Women's Heavyweight, Freestyle",F,25.84375,170.890625,73.296875,CAN
"Wrestling Women's Light-Heavyweight, Freestyle",F,24.77777777777778,169.27777777777777,69.66666666666667,BRA
"Wrestling Women's Lightweight, Freestyle",F,25.104477611940297,162.53731343283582,56.88059701492537,CAN
"Wrestling Women's Middleweight, Freestyle",F,25.37313432835821,165.40298507462686,63.47761194029851,CAN
